<annotation>
	<folder>smoke</folder>
	<filename>105.jpg</filename>
	<path>E:\Project\label\smoke\105.jpg</path>
	<source>
		<database>Unknown</database>
	</source>
	<size>
		<width>500</width>
		<height>370</height>
		<depth>3</depth>
	</size>
	<segmented>0</segmented>
	<object>
		<name>fire</name>
		<pose>Unspecified</pose>
		<truncated>0</truncated>
		<difficult>0</difficult>
		<bndbox>
			<xmin>317</xmin>
			<ymin>75</ymin>
			<xmax>433</xmax>
			<ymax>190</ymax>
		</bndbox>
	</object>
	<object>
		<name>smoke</name>
		<pose>Unspecified</pose>
		<truncated>0</truncated>
		<difficult>0</difficult>
		<bndbox>
			<xmin>24</xmin>
			<ymin>4</ymin>
			<xmax>318</xmax>
			<ymax>170</ymax>
		</bndbox>
	</object>
</annotation>
