<annotation>
	<folder>smoke</folder>
	<filename>106.jpg</filename>
	<path>E:\Project\label\smoke\106.jpg</path>
	<source>
		<database>Unknown</database>
	</source>
	<size>
		<width>450</width>
		<height>327</height>
		<depth>3</depth>
	</size>
	<segmented>0</segmented>
	<object>
		<name>fire</name>
		<pose>Unspecified</pose>
		<truncated>0</truncated>
		<difficult>0</difficult>
		<bndbox>
			<xmin>334</xmin>
			<ymin>19</ymin>
			<xmax>416</xmax>
			<ymax>168</ymax>
		</bndbox>
	</object>
	<object>
		<name>smoke</name>
		<pose>Unspecified</pose>
		<truncated>0</truncated>
		<difficult>0</difficult>
		<bndbox>
			<xmin>48</xmin>
			<ymin>44</ymin>
			<xmax>223</xmax>
			<ymax>248</ymax>
		</bndbox>
	</object>
</annotation>
