<annotation>
	<folder>smoke</folder>
	<filename>107.jpg</filename>
	<path>E:\Project\label\smoke\107.jpg</path>
	<source>
		<database>Unknown</database>
	</source>
	<size>
		<width>400</width>
		<height>638</height>
		<depth>3</depth>
	</size>
	<segmented>0</segmented>
	<object>
		<name>smoke</name>
		<pose>Unspecified</pose>
		<truncated>0</truncated>
		<difficult>0</difficult>
		<bndbox>
			<xmin>19</xmin>
			<ymin>7</ymin>
			<xmax>256</xmax>
			<ymax>471</ymax>
		</bndbox>
	</object>
</annotation>
