<annotation>
	<folder>smoke</folder>
	<filename>12.jpg</filename>
	<path>E:\Project\label\smoke\12.jpg</path>
	<source>
		<database>Unknown</database>
	</source>
	<size>
		<width>320</width>
		<height>565</height>
		<depth>3</depth>
	</size>
	<segmented>0</segmented>
	<object>
		<name>smoke</name>
		<pose>Unspecified</pose>
		<truncated>0</truncated>
		<difficult>0</difficult>
		<bndbox>
			<xmin>34</xmin>
			<ymin>50</ymin>
			<xmax>306</xmax>
			<ymax>274</ymax>
		</bndbox>
	</object>
</annotation>
