<annotation>
	<folder>smoke</folder>
	<filename>120.jpg</filename>
	<path>E:\Project\label\smoke\120.jpg</path>
	<source>
		<database>Unknown</database>
	</source>
	<size>
		<width>420</width>
		<height>280</height>
		<depth>3</depth>
	</size>
	<segmented>0</segmented>
	<object>
		<name>fire</name>
		<pose>Unspecified</pose>
		<truncated>0</truncated>
		<difficult>0</difficult>
		<bndbox>
			<xmin>236</xmin>
			<ymin>114</ymin>
			<xmax>308</xmax>
			<ymax>174</ymax>
		</bndbox>
	</object>
	<object>
		<name>smoke</name>
		<pose>Unspecified</pose>
		<truncated>0</truncated>
		<difficult>0</difficult>
		<bndbox>
			<xmin>66</xmin>
			<ymin>10</ymin>
			<xmax>270</xmax>
			<ymax>97</ymax>
		</bndbox>
	</object>
</annotation>
