<annotation>
	<folder>smoke</folder>
	<filename>122.jpg</filename>
	<path>E:\Project\label\smoke\122.jpg</path>
	<source>
		<database>Unknown</database>
	</source>
	<size>
		<width>300</width>
		<height>225</height>
		<depth>3</depth>
	</size>
	<segmented>0</segmented>
	<object>
		<name>fire</name>
		<pose>Unspecified</pose>
		<truncated>0</truncated>
		<difficult>0</difficult>
		<bndbox>
			<xmin>146</xmin>
			<ymin>71</ymin>
			<xmax>267</xmax>
			<ymax>153</ymax>
		</bndbox>
	</object>
</annotation>
