<annotation>
	<folder>smoke</folder>
	<filename>13.jpg</filename>
	<path>E:\Project\label\smoke\13.jpg</path>
	<source>
		<database>Unknown</database>
	</source>
	<size>
		<width>340</width>
		<height>255</height>
		<depth>3</depth>
	</size>
	<segmented>0</segmented>
	<object>
		<name>fire</name>
		<pose>Unspecified</pose>
		<truncated>0</truncated>
		<difficult>0</difficult>
		<bndbox>
			<xmin>122</xmin>
			<ymin>68</ymin>
			<xmax>215</xmax>
			<ymax>171</ymax>
		</bndbox>
	</object>
</annotation>
