<annotation>
	<folder>smoke</folder>
	<filename>131.jpg</filename>
	<path>E:\Project\label\smoke\131.jpg</path>
	<source>
		<database>Unknown</database>
	</source>
	<size>
		<width>503</width>
		<height>300</height>
		<depth>3</depth>
	</size>
	<segmented>0</segmented>
	<object>
		<name>smoke</name>
		<pose>Unspecified</pose>
		<truncated>0</truncated>
		<difficult>0</difficult>
		<bndbox>
			<xmin>206</xmin>
			<ymin>29</ymin>
			<xmax>495</xmax>
			<ymax>182</ymax>
		</bndbox>
	</object>
</annotation>
