<annotation>
	<folder>smoke</folder>
	<filename>132.jpg</filename>
	<path>E:\Project\label\smoke\132.jpg</path>
	<source>
		<database>Unknown</database>
	</source>
	<size>
		<width>500</width>
		<height>666</height>
		<depth>3</depth>
	</size>
	<segmented>0</segmented>
	<object>
		<name>smoke</name>
		<pose>Unspecified</pose>
		<truncated>0</truncated>
		<difficult>0</difficult>
		<bndbox>
			<xmin>108</xmin>
			<ymin>2</ymin>
			<xmax>409</xmax>
			<ymax>418</ymax>
		</bndbox>
	</object>
	<object>
		<name>fire</name>
		<pose>Unspecified</pose>
		<truncated>0</truncated>
		<difficult>0</difficult>
		<bndbox>
			<xmin>90</xmin>
			<ymin>446</ymin>
			<xmax>171</xmax>
			<ymax>549</ymax>
		</bndbox>
	</object>
</annotation>
