<annotation>
	<folder>smoke</folder>
	<filename>136.jpg</filename>
	<path>E:\Project\label\smoke\136.jpg</path>
	<source>
		<database>Unknown</database>
	</source>
	<size>
		<width>300</width>
		<height>402</height>
		<depth>3</depth>
	</size>
	<segmented>0</segmented>
	<object>
		<name>smoke</name>
		<pose>Unspecified</pose>
		<truncated>0</truncated>
		<difficult>0</difficult>
		<bndbox>
			<xmin>81</xmin>
			<ymin>214</ymin>
			<xmax>110</xmax>
			<ymax>318</ymax>
		</bndbox>
	</object>
</annotation>
