<annotation>
	<folder>smoke</folder>
	<filename>14.jpg</filename>
	<path>E:\Project\label\smoke\14.jpg</path>
	<source>
		<database>Unknown</database>
	</source>
	<size>
		<width>280</width>
		<height>486</height>
		<depth>3</depth>
	</size>
	<segmented>0</segmented>
	<object>
		<name>smoke</name>
		<pose>Unspecified</pose>
		<truncated>0</truncated>
		<difficult>0</difficult>
		<bndbox>
			<xmin>103</xmin>
			<ymin>62</ymin>
			<xmax>251</xmax>
			<ymax>266</ymax>
		</bndbox>
	</object>
</annotation>
