<annotation>
	<folder>smoke</folder>
	<filename>142.jpg</filename>
	<path>E:\Project\label\smoke\142.jpg</path>
	<source>
		<database>Unknown</database>
	</source>
	<size>
		<width>501</width>
		<height>300</height>
		<depth>3</depth>
	</size>
	<segmented>0</segmented>
	<object>
		<name>smoke</name>
		<pose>Unspecified</pose>
		<truncated>0</truncated>
		<difficult>0</difficult>
		<bndbox>
			<xmin>277</xmin>
			<ymin>3</ymin>
			<xmax>389</xmax>
			<ymax>160</ymax>
		</bndbox>
	</object>
	<object>
		<name>fire</name>
		<pose>Unspecified</pose>
		<truncated>0</truncated>
		<difficult>0</difficult>
		<bndbox>
			<xmin>235</xmin>
			<ymin>168</ymin>
			<xmax>307</xmax>
			<ymax>212</ymax>
		</bndbox>
	</object>
</annotation>
