<annotation>
	<folder>smoke</folder>
	<filename>146.jpg</filename>
	<path>E:\Project\label\smoke\146.jpg</path>
	<source>
		<database>Unknown</database>
	</source>
	<size>
		<width>412</width>
		<height>500</height>
		<depth>3</depth>
	</size>
	<segmented>0</segmented>
	<object>
		<name>smoke</name>
		<pose>Unspecified</pose>
		<truncated>0</truncated>
		<difficult>0</difficult>
		<bndbox>
			<xmin>171</xmin>
			<ymin>259</ymin>
			<xmax>288</xmax>
			<ymax>336</ymax>
		</bndbox>
	</object>
</annotation>
