<annotation>
	<folder>smoke</folder>
	<filename>147.jpg</filename>
	<path>E:\Project\label\smoke\147.jpg</path>
	<source>
		<database>Unknown</database>
	</source>
	<size>
		<width>500</width>
		<height>375</height>
		<depth>3</depth>
	</size>
	<segmented>0</segmented>
	<object>
		<name>fire</name>
		<pose>Unspecified</pose>
		<truncated>0</truncated>
		<difficult>0</difficult>
		<bndbox>
			<xmin>176</xmin>
			<ymin>75</ymin>
			<xmax>252</xmax>
			<ymax>255</ymax>
		</bndbox>
	</object>
</annotation>
