<annotation>
	<folder>smoke</folder>
	<filename>151.jpg</filename>
	<path>E:\Project\label\smoke\151.jpg</path>
	<source>
		<database>Unknown</database>
	</source>
	<size>
		<width>500</width>
		<height>333</height>
		<depth>3</depth>
	</size>
	<segmented>0</segmented>
	<object>
		<name>fire</name>
		<pose>Unspecified</pose>
		<truncated>0</truncated>
		<difficult>0</difficult>
		<bndbox>
			<xmin>42</xmin>
			<ymin>193</ymin>
			<xmax>175</xmax>
			<ymax>286</ymax>
		</bndbox>
	</object>
</annotation>
