<annotation>
	<folder>smoke</folder>
	<filename>152.jpg</filename>
	<path>E:\Project\label\smoke\152.jpg</path>
	<source>
		<database>Unknown</database>
	</source>
	<size>
		<width>500</width>
		<height>375</height>
		<depth>3</depth>
	</size>
	<segmented>0</segmented>
	<object>
		<name>smoke</name>
		<pose>Unspecified</pose>
		<truncated>0</truncated>
		<difficult>0</difficult>
		<bndbox>
			<xmin>132</xmin>
			<ymin>132</ymin>
			<xmax>242</xmax>
			<ymax>284</ymax>
		</bndbox>
	</object>
</annotation>
