<annotation>
	<folder>smoke</folder>
	<filename>164.jpg</filename>
	<path>E:\Project\label\smoke\164.jpg</path>
	<source>
		<database>Unknown</database>
	</source>
	<size>
		<width>500</width>
		<height>333</height>
		<depth>3</depth>
	</size>
	<segmented>0</segmented>
	<object>
		<name>smoke</name>
		<pose>Unspecified</pose>
		<truncated>0</truncated>
		<difficult>0</difficult>
		<bndbox>
			<xmin>95</xmin>
			<ymin>13</ymin>
			<xmax>226</xmax>
			<ymax>211</ymax>
		</bndbox>
	</object>
	<object>
		<name>fire</name>
		<pose>Unspecified</pose>
		<truncated>0</truncated>
		<difficult>0</difficult>
		<bndbox>
			<xmin>136</xmin>
			<ymin>255</ymin>
			<xmax>219</xmax>
			<ymax>322</ymax>
		</bndbox>
	</object>
	<object>
		<name>fire1</name>
		<pose>Unspecified</pose>
		<truncated>0</truncated>
		<difficult>0</difficult>
		<bndbox>
			<xmin>365</xmin>
			<ymin>56</ymin>
			<xmax>447</xmax>
			<ymax>129</ymax>
		</bndbox>
	</object>
	<object>
		<name>fire2</name>
		<pose>Unspecified</pose>
		<truncated>0</truncated>
		<difficult>0</difficult>
		<bndbox>
			<xmin>64</xmin>
			<ymin>228</ymin>
			<xmax>119</xmax>
			<ymax>277</ymax>
		</bndbox>
	</object>
	<object>
		<name>smoke1</name>
		<pose>Unspecified</pose>
		<truncated>0</truncated>
		<difficult>0</difficult>
		<bndbox>
			<xmin>255</xmin>
			<ymin>7</ymin>
			<xmax>361</xmax>
			<ymax>141</ymax>
		</bndbox>
	</object>
</annotation>
