<annotation>
	<folder>smoke</folder>
	<filename>168.jpg</filename>
	<path>E:\Project\label\smoke\168.jpg</path>
	<source>
		<database>Unknown</database>
	</source>
	<size>
		<width>400</width>
		<height>220</height>
		<depth>3</depth>
	</size>
	<segmented>0</segmented>
	<object>
		<name>smoke</name>
		<pose>Unspecified</pose>
		<truncated>0</truncated>
		<difficult>0</difficult>
		<bndbox>
			<xmin>130</xmin>
			<ymin>3</ymin>
			<xmax>255</xmax>
			<ymax>157</ymax>
		</bndbox>
	</object>
</annotation>
