<annotation>
	<folder>smoke</folder>
	<filename>170.jpg</filename>
	<path>E:\Project\label\smoke\170.jpg</path>
	<source>
		<database>Unknown</database>
	</source>
	<size>
		<width>408</width>
		<height>213</height>
		<depth>3</depth>
	</size>
	<segmented>0</segmented>
	<object>
		<name>fire</name>
		<pose>Unspecified</pose>
		<truncated>1</truncated>
		<difficult>0</difficult>
		<bndbox>
			<xmin>21</xmin>
			<ymin>81</ymin>
			<xmax>243</xmax>
			<ymax>213</ymax>
		</bndbox>
	</object>
	<object>
		<name>smoke</name>
		<pose>Unspecified</pose>
		<truncated>0</truncated>
		<difficult>0</difficult>
		<bndbox>
			<xmin>284</xmin>
			<ymin>17</ymin>
			<xmax>405</xmax>
			<ymax>198</ymax>
		</bndbox>
	</object>
</annotation>
