<annotation>
	<folder>smoke</folder>
	<filename>173.jpg</filename>
	<path>E:\Project\label\smoke\173.jpg</path>
	<source>
		<database>Unknown</database>
	</source>
	<size>
		<width>499</width>
		<height>332</height>
		<depth>3</depth>
	</size>
	<segmented>0</segmented>
	<object>
		<name>smoke</name>
		<pose>Unspecified</pose>
		<truncated>0</truncated>
		<difficult>0</difficult>
		<bndbox>
			<xmin>67</xmin>
			<ymin>34</ymin>
			<xmax>410</xmax>
			<ymax>205</ymax>
		</bndbox>
	</object>
</annotation>
