<annotation>
	<folder>smoke</folder>
	<filename>179.jpg</filename>
	<path>E:\Project\label\smoke\179.jpg</path>
	<source>
		<database>Unknown</database>
	</source>
	<size>
		<width>450</width>
		<height>337</height>
		<depth>3</depth>
	</size>
	<segmented>0</segmented>
	<object>
		<name>smoke</name>
		<pose>Unspecified</pose>
		<truncated>0</truncated>
		<difficult>0</difficult>
		<bndbox>
			<xmin>172</xmin>
			<ymin>44</ymin>
			<xmax>230</xmax>
			<ymax>182</ymax>
		</bndbox>
	</object>
</annotation>
