<annotation>
	<folder>smoke</folder>
	<filename>180.jpg</filename>
	<path>E:\Project\label\smoke\180.jpg</path>
	<source>
		<database>Unknown</database>
	</source>
	<size>
		<width>500</width>
		<height>679</height>
		<depth>3</depth>
	</size>
	<segmented>0</segmented>
	<object>
		<name>fire</name>
		<pose>Unspecified</pose>
		<truncated>0</truncated>
		<difficult>0</difficult>
		<bndbox>
			<xmin>186</xmin>
			<ymin>243</ymin>
			<xmax>339</xmax>
			<ymax>525</ymax>
		</bndbox>
	</object>
	<object>
		<name>smoke</name>
		<pose>Unspecified</pose>
		<truncated>0</truncated>
		<difficult>0</difficult>
		<bndbox>
			<xmin>174</xmin>
			<ymin>16</ymin>
			<xmax>401</xmax>
			<ymax>220</ymax>
		</bndbox>
	</object>
</annotation>
