<annotation>
	<folder>smoke</folder>
	<filename>181.jpg</filename>
	<path>E:\Project\label\smoke\181.jpg</path>
	<source>
		<database>Unknown</database>
	</source>
	<size>
		<width>450</width>
		<height>272</height>
		<depth>3</depth>
	</size>
	<segmented>0</segmented>
	<object>
		<name>smoke</name>
		<pose>Unspecified</pose>
		<truncated>0</truncated>
		<difficult>0</difficult>
		<bndbox>
			<xmin>76</xmin>
			<ymin>8</ymin>
			<xmax>429</xmax>
			<ymax>104</ymax>
		</bndbox>
	</object>
	<object>
		<name>fire</name>
		<pose>Unspecified</pose>
		<truncated>0</truncated>
		<difficult>0</difficult>
		<bndbox>
			<xmin>258</xmin>
			<ymin>126</ymin>
			<xmax>389</xmax>
			<ymax>196</ymax>
		</bndbox>
	</object>
</annotation>
