<annotation>
	<folder>smoke</folder>
	<filename>183.jpg</filename>
	<path>E:\Project\label\smoke\183.jpg</path>
	<source>
		<database>Unknown</database>
	</source>
	<size>
		<width>530</width>
		<height>300</height>
		<depth>3</depth>
	</size>
	<segmented>0</segmented>
	<object>
		<name>fire</name>
		<pose>Unspecified</pose>
		<truncated>0</truncated>
		<difficult>0</difficult>
		<bndbox>
			<xmin>199</xmin>
			<ymin>76</ymin>
			<xmax>283</xmax>
			<ymax>223</ymax>
		</bndbox>
	</object>
	<object>
		<name>fire1</name>
		<pose>Unspecified</pose>
		<truncated>0</truncated>
		<difficult>0</difficult>
		<bndbox>
			<xmin>342</xmin>
			<ymin>26</ymin>
			<xmax>416</xmax>
			<ymax>198</ymax>
		</bndbox>
	</object>
	<object>
		<name>fire2</name>
		<pose>Unspecified</pose>
		<truncated>1</truncated>
		<difficult>0</difficult>
		<bndbox>
			<xmin>460</xmin>
			<ymin>114</ymin>
			<xmax>530</xmax>
			<ymax>229</ymax>
		</bndbox>
	</object>
	<object>
		<name>smoke</name>
		<pose>Unspecified</pose>
		<truncated>0</truncated>
		<difficult>0</difficult>
		<bndbox>
			<xmin>135</xmin>
			<ymin>11</ymin>
			<xmax>195</xmax>
			<ymax>121</ymax>
		</bndbox>
	</object>
	<object>
		<name>smoke1</name>
		<pose>Unspecified</pose>
		<truncated>0</truncated>
		<difficult>0</difficult>
		<bndbox>
			<xmin>438</xmin>
			<ymin>11</ymin>
			<xmax>508</xmax>
			<ymax>100</ymax>
		</bndbox>
	</object>
</annotation>
