<annotation>
	<folder>smoke</folder>
	<filename>184.jpg</filename>
	<path>E:\Project\label\smoke\184.jpg</path>
	<source>
		<database>Unknown</database>
	</source>
	<size>
		<width>500</width>
		<height>498</height>
		<depth>3</depth>
	</size>
	<segmented>0</segmented>
	<object>
		<name>fire</name>
		<pose>Unspecified</pose>
		<truncated>0</truncated>
		<difficult>0</difficult>
		<bndbox>
			<xmin>154</xmin>
			<ymin>275</ymin>
			<xmax>225</xmax>
			<ymax>369</ymax>
		</bndbox>
	</object>
	<object>
		<name>smoke</name>
		<pose>Unspecified</pose>
		<truncated>0</truncated>
		<difficult>0</difficult>
		<bndbox>
			<xmin>103</xmin>
			<ymin>4</ymin>
			<xmax>425</xmax>
			<ymax>245</ymax>
		</bndbox>
	</object>
</annotation>
