<annotation>
	<folder>smoke</folder>
	<filename>186.jpg</filename>
	<path>E:\Project\label\smoke\186.jpg</path>
	<source>
		<database>Unknown</database>
	</source>
	<size>
		<width>309</width>
		<height>316</height>
		<depth>3</depth>
	</size>
	<segmented>0</segmented>
	<object>
		<name>smoke</name>
		<pose>Unspecified</pose>
		<truncated>1</truncated>
		<difficult>0</difficult>
		<bndbox>
			<xmin>63</xmin>
			<ymin>35</ymin>
			<xmax>309</xmax>
			<ymax>117</ymax>
		</bndbox>
	</object>
</annotation>
