<annotation>
	<folder>smoke</folder>
	<filename>19.jpg</filename>
	<path>E:\Project\label\smoke\19.jpg</path>
	<source>
		<database>Unknown</database>
	</source>
	<size>
		<width>431</width>
		<height>718</height>
		<depth>3</depth>
	</size>
	<segmented>0</segmented>
	<object>
		<name>smoke</name>
		<pose>Unspecified</pose>
		<truncated>0</truncated>
		<difficult>0</difficult>
		<bndbox>
			<xmin>28</xmin>
			<ymin>61</ymin>
			<xmax>425</xmax>
			<ymax>304</ymax>
		</bndbox>
	</object>
</annotation>
