<annotation>
	<folder>smoke</folder>
	<filename>190.jpg</filename>
	<path>E:\Project\label\smoke\190.jpg</path>
	<source>
		<database>Unknown</database>
	</source>
	<size>
		<width>400</width>
		<height>287</height>
		<depth>3</depth>
	</size>
	<segmented>0</segmented>
	<object>
		<name>smoke</name>
		<pose>Unspecified</pose>
		<truncated>0</truncated>
		<difficult>0</difficult>
		<bndbox>
			<xmin>197</xmin>
			<ymin>103</ymin>
			<xmax>305</xmax>
			<ymax>167</ymax>
		</bndbox>
	</object>
</annotation>
