<annotation>
	<folder>smoke</folder>
	<filename>191.jpg</filename>
	<path>E:\Project\label\smoke\191.jpg</path>
	<source>
		<database>Unknown</database>
	</source>
	<size>
		<width>523</width>
		<height>697</height>
		<depth>3</depth>
	</size>
	<segmented>0</segmented>
	<object>
		<name>fire</name>
		<pose>Unspecified</pose>
		<truncated>0</truncated>
		<difficult>0</difficult>
		<bndbox>
			<xmin>157</xmin>
			<ymin>236</ymin>
			<xmax>235</xmax>
			<ymax>330</ymax>
		</bndbox>
	</object>
	<object>
		<name>smoke</name>
		<pose>Unspecified</pose>
		<truncated>0</truncated>
		<difficult>0</difficult>
		<bndbox>
			<xmin>132</xmin>
			<ymin>13</ymin>
			<xmax>402</xmax>
			<ymax>228</ymax>
		</bndbox>
	</object>
</annotation>
