<annotation>
	<folder>smoke</folder>
	<filename>194.jpg</filename>
	<path>E:\Project\label\smoke\194.jpg</path>
	<source>
		<database>Unknown</database>
	</source>
	<size>
		<width>400</width>
		<height>248</height>
		<depth>3</depth>
	</size>
	<segmented>0</segmented>
	<object>
		<name>smoke</name>
		<pose>Unspecified</pose>
		<truncated>0</truncated>
		<difficult>0</difficult>
		<bndbox>
			<xmin>97</xmin>
			<ymin>30</ymin>
			<xmax>281</xmax>
			<ymax>173</ymax>
		</bndbox>
	</object>
</annotation>
