<annotation>
	<folder>smoke</folder>
	<filename>195.jpg</filename>
	<path>E:\Project\label\smoke\195.jpg</path>
	<source>
		<database>Unknown</database>
	</source>
	<size>
		<width>363</width>
		<height>500</height>
		<depth>3</depth>
	</size>
	<segmented>0</segmented>
	<object>
		<name>fire</name>
		<pose>Unspecified</pose>
		<truncated>0</truncated>
		<difficult>0</difficult>
		<bndbox>
			<xmin>217</xmin>
			<ymin>148</ymin>
			<xmax>313</xmax>
			<ymax>209</ymax>
		</bndbox>
	</object>
</annotation>
