<annotation>
	<folder>smoke</folder>
	<filename>197.jpg</filename>
	<path>E:\Project\label\smoke\197.jpg</path>
	<source>
		<database>Unknown</database>
	</source>
	<size>
		<width>440</width>
		<height>248</height>
		<depth>3</depth>
	</size>
	<segmented>0</segmented>
	<object>
		<name>smoke</name>
		<pose>Unspecified</pose>
		<truncated>1</truncated>
		<difficult>0</difficult>
		<bndbox>
			<xmin>402</xmin>
			<ymin>9</ymin>
			<xmax>440</xmax>
			<ymax>87</ymax>
		</bndbox>
	</object>
	<object>
		<name>fire</name>
		<pose>Unspecified</pose>
		<truncated>0</truncated>
		<difficult>0</difficult>
		<bndbox>
			<xmin>374</xmin>
			<ymin>66</ymin>
			<xmax>401</xmax>
			<ymax>108</ymax>
		</bndbox>
	</object>
</annotation>
