<annotation>
	<folder>smoke</folder>
	<filename>198.jpg</filename>
	<path>E:\Project\label\smoke\198.jpg</path>
	<source>
		<database>Unknown</database>
	</source>
	<size>
		<width>500</width>
		<height>656</height>
		<depth>3</depth>
	</size>
	<segmented>0</segmented>
	<object>
		<name>smoke</name>
		<pose>Unspecified</pose>
		<truncated>0</truncated>
		<difficult>0</difficult>
		<bndbox>
			<xmin>139</xmin>
			<ymin>322</ymin>
			<xmax>312</xmax>
			<ymax>483</ymax>
		</bndbox>
	</object>
</annotation>
