<annotation>
	<folder>smoke</folder>
	<filename>199.jpg</filename>
	<path>E:\Project\label\smoke\199.jpg</path>
	<source>
		<database>Unknown</database>
	</source>
	<size>
		<width>500</width>
		<height>375</height>
		<depth>3</depth>
	</size>
	<segmented>0</segmented>
	<object>
		<name>smoke</name>
		<pose>Unspecified</pose>
		<truncated>0</truncated>
		<difficult>0</difficult>
		<bndbox>
			<xmin>76</xmin>
			<ymin>37</ymin>
			<xmax>202</xmax>
			<ymax>189</ymax>
		</bndbox>
	</object>
</annotation>
