<annotation>
	<folder>smoke</folder>
	<filename>2.jpg</filename>
	<path>E:\Project\label\smoke\2.jpg</path>
	<source>
		<database>Unknown</database>
	</source>
	<size>
		<width>346</width>
		<height>300</height>
		<depth>3</depth>
	</size>
	<segmented>0</segmented>
	<object>
		<name>smoke</name>
		<pose>Unspecified</pose>
		<truncated>0</truncated>
		<difficult>0</difficult>
		<bndbox>
			<xmin>77</xmin>
			<ymin>124</ymin>
			<xmax>242</xmax>
			<ymax>233</ymax>
		</bndbox>
	</object>
</annotation>
