<annotation>
	<folder>smoke</folder>
	<filename>20.jpg</filename>
	<path>E:\Project\label\smoke\20.jpg</path>
	<source>
		<database>Unknown</database>
	</source>
	<size>
		<width>500</width>
		<height>403</height>
		<depth>3</depth>
	</size>
	<segmented>0</segmented>
	<object>
		<name>fire</name>
		<pose>Unspecified</pose>
		<truncated>0</truncated>
		<difficult>0</difficult>
		<bndbox>
			<xmin>156</xmin>
			<ymin>237</ymin>
			<xmax>250</xmax>
			<ymax>321</ymax>
		</bndbox>
	</object>
	<object>
		<name>fire1</name>
		<pose>Unspecified</pose>
		<truncated>0</truncated>
		<difficult>0</difficult>
		<bndbox>
			<xmin>274</xmin>
			<ymin>184</ymin>
			<xmax>368</xmax>
			<ymax>273</ymax>
		</bndbox>
	</object>
	<object>
		<name>smoke</name>
		<pose>Unspecified</pose>
		<truncated>0</truncated>
		<difficult>0</difficult>
		<bndbox>
			<xmin>124</xmin>
			<ymin>6</ymin>
			<xmax>373</xmax>
			<ymax>172</ymax>
		</bndbox>
	</object>
</annotation>
