<annotation>
	<folder>smoke</folder>
	<filename>200.jpg</filename>
	<path>E:\Project\label\smoke\200.jpg</path>
	<source>
		<database>Unknown</database>
	</source>
	<size>
		<width>400</width>
		<height>245</height>
		<depth>3</depth>
	</size>
	<segmented>0</segmented>
	<object>
		<name>smoke</name>
		<pose>Unspecified</pose>
		<truncated>0</truncated>
		<difficult>0</difficult>
		<bndbox>
			<xmin>143</xmin>
			<ymin>54</ymin>
			<xmax>344</xmax>
			<ymax>148</ymax>
		</bndbox>
	</object>
</annotation>
