<annotation>
	<folder>smoke</folder>
	<filename>201.jpg</filename>
	<path>E:\Project\label\smoke\201.jpg</path>
	<source>
		<database>Unknown</database>
	</source>
	<size>
		<width>500</width>
		<height>667</height>
		<depth>3</depth>
	</size>
	<segmented>0</segmented>
	<object>
		<name>smoke</name>
		<pose>Unspecified</pose>
		<truncated>0</truncated>
		<difficult>0</difficult>
		<bndbox>
			<xmin>134</xmin>
			<ymin>25</ymin>
			<xmax>339</xmax>
			<ymax>455</ymax>
		</bndbox>
	</object>
	<object>
		<name>fire</name>
		<pose>Unspecified</pose>
		<truncated>0</truncated>
		<difficult>0</difficult>
		<bndbox>
			<xmin>112</xmin>
			<ymin>482</ymin>
			<xmax>210</xmax>
			<ymax>574</ymax>
		</bndbox>
	</object>
</annotation>
