<annotation>
	<folder>smoke</folder>
	<filename>202.jpg</filename>
	<path>E:\Project\label\smoke\202.jpg</path>
	<source>
		<database>Unknown</database>
	</source>
	<size>
		<width>499</width>
		<height>332</height>
		<depth>3</depth>
	</size>
	<segmented>0</segmented>
	<object>
		<name>smoke</name>
		<pose>Unspecified</pose>
		<truncated>0</truncated>
		<difficult>0</difficult>
		<bndbox>
			<xmin>204</xmin>
			<ymin>18</ymin>
			<xmax>311</xmax>
			<ymax>237</ymax>
		</bndbox>
	</object>
</annotation>
