<annotation>
	<folder>smoke</folder>
	<filename>204.jpg</filename>
	<path>E:\Project\label\smoke\204.jpg</path>
	<source>
		<database>Unknown</database>
	</source>
	<size>
		<width>350</width>
		<height>423</height>
		<depth>3</depth>
	</size>
	<segmented>0</segmented>
	<object>
		<name>fire</name>
		<pose>Unspecified</pose>
		<truncated>0</truncated>
		<difficult>0</difficult>
		<bndbox>
			<xmin>126</xmin>
			<ymin>269</ymin>
			<xmax>198</xmax>
			<ymax>341</ymax>
		</bndbox>
	</object>
	<object>
		<name>smoke</name>
		<pose>Unspecified</pose>
		<truncated>0</truncated>
		<difficult>0</difficult>
		<bndbox>
			<xmin>45</xmin>
			<ymin>27</ymin>
			<xmax>215</xmax>
			<ymax>251</ymax>
		</bndbox>
	</object>
</annotation>
