<annotation>
	<folder>smoke</folder>
	<filename>206.jpg</filename>
	<path>E:\Project\label\smoke\206.jpg</path>
	<source>
		<database>Unknown</database>
	</source>
	<size>
		<width>549</width>
		<height>300</height>
		<depth>3</depth>
	</size>
	<segmented>0</segmented>
	<object>
		<name>smoke</name>
		<pose>Unspecified</pose>
		<truncated>0</truncated>
		<difficult>0</difficult>
		<bndbox>
			<xmin>79</xmin>
			<ymin>13</ymin>
			<xmax>200</xmax>
			<ymax>155</ymax>
		</bndbox>
	</object>
</annotation>
