<annotation>
	<folder>smoke</folder>
	<filename>214.jpg</filename>
	<path>E:\Project\label\smoke\214.jpg</path>
	<source>
		<database>Unknown</database>
	</source>
	<size>
		<width>400</width>
		<height>248</height>
		<depth>3</depth>
	</size>
	<segmented>0</segmented>
	<object>
		<name>smoke</name>
		<pose>Unspecified</pose>
		<truncated>0</truncated>
		<difficult>0</difficult>
		<bndbox>
			<xmin>223</xmin>
			<ymin>36</ymin>
			<xmax>367</xmax>
			<ymax>133</ymax>
		</bndbox>
	</object>
	<object>
		<name>smoke</name>
		<pose>Unspecified</pose>
		<truncated>0</truncated>
		<difficult>0</difficult>
		<bndbox>
			<xmin>11</xmin>
			<ymin>80</ymin>
			<xmax>192</xmax>
			<ymax>181</ymax>
		</bndbox>
	</object>
</annotation>
