<annotation>
	<folder>smoke</folder>
	<filename>218.jpg</filename>
	<path>E:\Project\label\smoke\218.jpg</path>
	<source>
		<database>Unknown</database>
	</source>
	<size>
		<width>500</width>
		<height>334</height>
		<depth>3</depth>
	</size>
	<segmented>0</segmented>
	<object>
		<name>smoke</name>
		<pose>Unspecified</pose>
		<truncated>0</truncated>
		<difficult>0</difficult>
		<bndbox>
			<xmin>214</xmin>
			<ymin>9</ymin>
			<xmax>486</xmax>
			<ymax>152</ymax>
		</bndbox>
	</object>
	<object>
		<name>fire</name>
		<pose>Unspecified</pose>
		<truncated>0</truncated>
		<difficult>0</difficult>
		<bndbox>
			<xmin>230</xmin>
			<ymin>142</ymin>
			<xmax>280</xmax>
			<ymax>195</ymax>
		</bndbox>
	</object>
</annotation>
