<annotation>
	<folder>smoke</folder>
	<filename>221.jpg</filename>
	<path>E:\Project\label\smoke\221.jpg</path>
	<source>
		<database>Unknown</database>
	</source>
	<size>
		<width>450</width>
		<height>191</height>
		<depth>3</depth>
	</size>
	<segmented>0</segmented>
	<object>
		<name>smoke</name>
		<pose>Unspecified</pose>
		<truncated>0</truncated>
		<difficult>0</difficult>
		<bndbox>
			<xmin>126</xmin>
			<ymin>13</ymin>
			<xmax>414</xmax>
			<ymax>114</ymax>
		</bndbox>
	</object>
</annotation>
