<annotation>
	<folder>smoke</folder>
	<filename>225.jpg</filename>
	<path>E:\Project\label\smoke\225.jpg</path>
	<source>
		<database>Unknown</database>
	</source>
	<size>
		<width>450</width>
		<height>251</height>
		<depth>3</depth>
	</size>
	<segmented>0</segmented>
	<object>
		<name>smoke</name>
		<pose>Unspecified</pose>
		<truncated>0</truncated>
		<difficult>0</difficult>
		<bndbox>
			<xmin>146</xmin>
			<ymin>5</ymin>
			<xmax>307</xmax>
			<ymax>90</ymax>
		</bndbox>
	</object>
	<object>
		<name>fire</name>
		<pose>Unspecified</pose>
		<truncated>0</truncated>
		<difficult>0</difficult>
		<bndbox>
			<xmin>224</xmin>
			<ymin>116</ymin>
			<xmax>299</xmax>
			<ymax>153</ymax>
		</bndbox>
	</object>
</annotation>
