<annotation>
	<folder>smoke</folder>
	<filename>23.jpg</filename>
	<path>E:\Project\label\smoke\23.jpg</path>
	<source>
		<database>Unknown</database>
	</source>
	<size>
		<width>500</width>
		<height>375</height>
		<depth>3</depth>
	</size>
	<segmented>0</segmented>
	<object>
		<name>fire</name>
		<pose>Unspecified</pose>
		<truncated>0</truncated>
		<difficult>0</difficult>
		<bndbox>
			<xmin>47</xmin>
			<ymin>68</ymin>
			<xmax>460</xmax>
			<ymax>263</ymax>
		</bndbox>
	</object>
</annotation>
