<annotation>
	<folder>smoke</folder>
	<filename>234.jpg</filename>
	<path>E:\Project\label\smoke\234.jpg</path>
	<source>
		<database>Unknown</database>
	</source>
	<size>
		<width>432</width>
		<height>488</height>
		<depth>3</depth>
	</size>
	<segmented>0</segmented>
	<object>
		<name>smoke</name>
		<pose>Unspecified</pose>
		<truncated>0</truncated>
		<difficult>0</difficult>
		<bndbox>
			<xmin>137</xmin>
			<ymin>111</ymin>
			<xmax>333</xmax>
			<ymax>256</ymax>
		</bndbox>
	</object>
</annotation>
