<annotation>
	<folder>smoke</folder>
	<filename>243.jpg</filename>
	<path>E:\Project\label\smoke\243.jpg</path>
	<source>
		<database>Unknown</database>
	</source>
	<size>
		<width>524</width>
		<height>300</height>
		<depth>3</depth>
	</size>
	<segmented>0</segmented>
	<object>
		<name>fire</name>
		<pose>Unspecified</pose>
		<truncated>0</truncated>
		<difficult>0</difficult>
		<bndbox>
			<xmin>79</xmin>
			<ymin>74</ymin>
			<xmax>273</xmax>
			<ymax>189</ymax>
		</bndbox>
	</object>
	<object>
		<name>smoke</name>
		<pose>Unspecified</pose>
		<truncated>0</truncated>
		<difficult>0</difficult>
		<bndbox>
			<xmin>68</xmin>
			<ymin>9</ymin>
			<xmax>257</xmax>
			<ymax>62</ymax>
		</bndbox>
	</object>
</annotation>
