<annotation>
	<folder>smoke</folder>
	<filename>245.jpg</filename>
	<path>E:\Project\label\smoke\245.jpg</path>
	<source>
		<database>Unknown</database>
	</source>
	<size>
		<width>500</width>
		<height>889</height>
		<depth>3</depth>
	</size>
	<segmented>0</segmented>
	<object>
		<name>smoke</name>
		<pose>Unspecified</pose>
		<truncated>0</truncated>
		<difficult>0</difficult>
		<bndbox>
			<xmin>124</xmin>
			<ymin>5</ymin>
			<xmax>490</xmax>
			<ymax>339</ymax>
		</bndbox>
	</object>
	<object>
		<name>fire</name>
		<pose>Unspecified</pose>
		<truncated>0</truncated>
		<difficult>0</difficult>
		<bndbox>
			<xmin>154</xmin>
			<ymin>393</ymin>
			<xmax>386</xmax>
			<ymax>497</ymax>
		</bndbox>
	</object>
</annotation>
