<annotation>
	<folder>smoke</folder>
	<filename>25.jpg</filename>
	<path>E:\Project\label\smoke\25.jpg</path>
	<source>
		<database>Unknown</database>
	</source>
	<size>
		<width>480</width>
		<height>220</height>
		<depth>3</depth>
	</size>
	<segmented>0</segmented>
	<object>
		<name>fire</name>
		<pose>Unspecified</pose>
		<truncated>0</truncated>
		<difficult>0</difficult>
		<bndbox>
			<xmin>262</xmin>
			<ymin>129</ymin>
			<xmax>448</xmax>
			<ymax>204</ymax>
		</bndbox>
	</object>
</annotation>
