<annotation>
	<folder>smoke</folder>
	<filename>250.jpg</filename>
	<path>E:\Project\label\smoke\250.jpg</path>
	<source>
		<database>Unknown</database>
	</source>
	<size>
		<width>485</width>
		<height>345</height>
		<depth>3</depth>
	</size>
	<segmented>0</segmented>
	<object>
		<name>fire</name>
		<pose>Unspecified</pose>
		<truncated>0</truncated>
		<difficult>0</difficult>
		<bndbox>
			<xmin>169</xmin>
			<ymin>109</ymin>
			<xmax>214</xmax>
			<ymax>180</ymax>
		</bndbox>
	</object>
	<object>
		<name>fire1</name>
		<pose>Unspecified</pose>
		<truncated>0</truncated>
		<difficult>0</difficult>
		<bndbox>
			<xmin>277</xmin>
			<ymin>139</ymin>
			<xmax>324</xmax>
			<ymax>197</ymax>
		</bndbox>
	</object>
	<object>
		<name>smoke</name>
		<pose>Unspecified</pose>
		<truncated>0</truncated>
		<difficult>0</difficult>
		<bndbox>
			<xmin>23</xmin>
			<ymin>7</ymin>
			<xmax>477</xmax>
			<ymax>101</ymax>
		</bndbox>
	</object>
</annotation>
