<annotation>
	<folder>smoke</folder>
	<filename>251.jpg</filename>
	<path>E:\Project\label\smoke\251.jpg</path>
	<source>
		<database>Unknown</database>
	</source>
	<size>
		<width>0</width>
		<height>0</height>
		<depth>3</depth>
	</size>
	<segmented>0</segmented>
	<object>
		<name>smoke</name>
		<pose>Unspecified</pose>
		<truncated>0</truncated>
		<difficult>0</difficult>
		<bndbox>
			<xmin>80</xmin>
			<ymin>4</ymin>
			<xmax>192</xmax>
			<ymax>162</ymax>
		</bndbox>
	</object>
</annotation>
