<annotation>
	<folder>smoke</folder>
	<filename>253.jpg</filename>
	<path>E:\Project\label\smoke\253.jpg</path>
	<source>
		<database>Unknown</database>
	</source>
	<size>
		<width>509</width>
		<height>300</height>
		<depth>3</depth>
	</size>
	<segmented>0</segmented>
	<object>
		<name>smoke</name>
		<pose>Unspecified</pose>
		<truncated>1</truncated>
		<difficult>0</difficult>
		<bndbox>
			<xmin>214</xmin>
			<ymin>26</ymin>
			<xmax>509</xmax>
			<ymax>174</ymax>
		</bndbox>
	</object>
</annotation>
