<annotation>
	<folder>smoke</folder>
	<filename>254.jpg</filename>
	<path>E:\Project\label\smoke\254.jpg</path>
	<source>
		<database>Unknown</database>
	</source>
	<size>
		<width>280</width>
		<height>497</height>
		<depth>3</depth>
	</size>
	<segmented>0</segmented>
	<object>
		<name>smoke</name>
		<pose>Unspecified</pose>
		<truncated>0</truncated>
		<difficult>0</difficult>
		<bndbox>
			<xmin>78</xmin>
			<ymin>3</ymin>
			<xmax>278</xmax>
			<ymax>167</ymax>
		</bndbox>
	</object>
</annotation>
