<annotation>
	<folder>smoke</folder>
	<filename>255.jpg</filename>
	<path>E:\Project\label\smoke\255.jpg</path>
	<source>
		<database>Unknown</database>
	</source>
	<size>
		<width>294</width>
		<height>280</height>
		<depth>3</depth>
	</size>
	<segmented>0</segmented>
	<object>
		<name>smoke</name>
		<pose>Unspecified</pose>
		<truncated>0</truncated>
		<difficult>0</difficult>
		<bndbox>
			<xmin>2</xmin>
			<ymin>2</ymin>
			<xmax>284</xmax>
			<ymax>189</ymax>
		</bndbox>
	</object>
</annotation>
