<annotation>
	<folder>smoke</folder>
	<filename>256.jpg</filename>
	<path>E:\Project\label\smoke\256.jpg</path>
	<source>
		<database>Unknown</database>
	</source>
	<size>
		<width>500</width>
		<height>281</height>
		<depth>3</depth>
	</size>
	<segmented>0</segmented>
	<object>
		<name>smoke</name>
		<pose>Unspecified</pose>
		<truncated>0</truncated>
		<difficult>0</difficult>
		<bndbox>
			<xmin>18</xmin>
			<ymin>4</ymin>
			<xmax>308</xmax>
			<ymax>91</ymax>
		</bndbox>
	</object>
</annotation>
