<annotation>
	<folder>smoke</folder>
	<filename>258.jpg</filename>
	<path>E:\Project\label\smoke\258.jpg</path>
	<source>
		<database>Unknown</database>
	</source>
	<size>
		<width>533</width>
		<height>300</height>
		<depth>3</depth>
	</size>
	<segmented>0</segmented>
	<object>
		<name>fire</name>
		<pose>Unspecified</pose>
		<truncated>0</truncated>
		<difficult>0</difficult>
		<bndbox>
			<xmin>207</xmin>
			<ymin>53</ymin>
			<xmax>310</xmax>
			<ymax>202</ymax>
		</bndbox>
	</object>
</annotation>
