<annotation>
	<folder>smoke</folder>
	<filename>260.jpg</filename>
	<path>E:\Project\label\smoke\260.jpg</path>
	<source>
		<database>Unknown</database>
	</source>
	<size>
		<width>440</width>
		<height>782</height>
		<depth>3</depth>
	</size>
	<segmented>0</segmented>
	<object>
		<name>smoke</name>
		<pose>Unspecified</pose>
		<truncated>0</truncated>
		<difficult>0</difficult>
		<bndbox>
			<xmin>10</xmin>
			<ymin>225</ymin>
			<xmax>438</xmax>
			<ymax>433</ymax>
		</bndbox>
	</object>
</annotation>
