<annotation>
	<folder>smoke</folder>
	<filename>261.jpg</filename>
	<path>E:\Project\label\smoke\261.jpg</path>
	<source>
		<database>Unknown</database>
	</source>
	<size>
		<width>280</width>
		<height>498</height>
		<depth>3</depth>
	</size>
	<segmented>0</segmented>
	<object>
		<name>smoke</name>
		<pose>Unspecified</pose>
		<truncated>0</truncated>
		<difficult>0</difficult>
		<bndbox>
			<xmin>5</xmin>
			<ymin>76</ymin>
			<xmax>270</xmax>
			<ymax>187</ymax>
		</bndbox>
	</object>
</annotation>
