<annotation>
	<folder>smoke</folder>
	<filename>262.jpg</filename>
	<path>E:\Project\label\smoke\262.jpg</path>
	<source>
		<database>Unknown</database>
	</source>
	<size>
		<width>460</width>
		<height>305</height>
		<depth>3</depth>
	</size>
	<segmented>0</segmented>
	<object>
		<name>smoke</name>
		<pose>Unspecified</pose>
		<truncated>0</truncated>
		<difficult>0</difficult>
		<bndbox>
			<xmin>10</xmin>
			<ymin>59</ymin>
			<xmax>271</xmax>
			<ymax>235</ymax>
		</bndbox>
	</object>
</annotation>
