<annotation>
	<folder>smoke</folder>
	<filename>265.jpg</filename>
	<path>E:\Project\label\smoke\265.jpg</path>
	<source>
		<database>Unknown</database>
	</source>
	<size>
		<width>500</width>
		<height>667</height>
		<depth>3</depth>
	</size>
	<segmented>0</segmented>
	<object>
		<name>fire</name>
		<pose>Unspecified</pose>
		<truncated>0</truncated>
		<difficult>0</difficult>
		<bndbox>
			<xmin>85</xmin>
			<ymin>450</ymin>
			<xmax>130</xmax>
			<ymax>495</ymax>
		</bndbox>
	</object>
	<object>
		<name>smoke</name>
		<pose>Unspecified</pose>
		<truncated>0</truncated>
		<difficult>0</difficult>
		<bndbox>
			<xmin>161</xmin>
			<ymin>47</ymin>
			<xmax>497</xmax>
			<ymax>314</ymax>
		</bndbox>
	</object>
</annotation>
