<annotation>
	<folder>smoke</folder>
	<filename>268.jpg</filename>
	<path>E:\Project\label\smoke\268.jpg</path>
	<source>
		<database>Unknown</database>
	</source>
	<size>
		<width>499</width>
		<height>368</height>
		<depth>3</depth>
	</size>
	<segmented>0</segmented>
	<object>
		<name>smoke</name>
		<pose>Unspecified</pose>
		<truncated>0</truncated>
		<difficult>0</difficult>
		<bndbox>
			<xmin>74</xmin>
			<ymin>84</ymin>
			<xmax>487</xmax>
			<ymax>248</ymax>
		</bndbox>
	</object>
	<object>
		<name>fire</name>
		<pose>Unspecified</pose>
		<truncated>0</truncated>
		<difficult>0</difficult>
		<bndbox>
			<xmin>7</xmin>
			<ymin>254</ymin>
			<xmax>479</xmax>
			<ymax>296</ymax>
		</bndbox>
	</object>
</annotation>
