<annotation>
	<folder>smoke</folder>
	<filename>269.jpg</filename>
	<path>E:\Project\label\smoke\269.jpg</path>
	<source>
		<database>Unknown</database>
	</source>
	<size>
		<width>410</width>
		<height>306</height>
		<depth>3</depth>
	</size>
	<segmented>0</segmented>
	<object>
		<name>smoke</name>
		<pose>Unspecified</pose>
		<truncated>0</truncated>
		<difficult>0</difficult>
		<bndbox>
			<xmin>63</xmin>
			<ymin>5</ymin>
			<xmax>309</xmax>
			<ymax>160</ymax>
		</bndbox>
	</object>
</annotation>
