<annotation>
	<folder>smoke</folder>
	<filename>273.jpg</filename>
	<path>E:\Project\label\smoke\273.jpg</path>
	<source>
		<database>Unknown</database>
	</source>
	<size>
		<width>477</width>
		<height>318</height>
		<depth>3</depth>
	</size>
	<segmented>0</segmented>
	<object>
		<name>smoke</name>
		<pose>Unspecified</pose>
		<truncated>0</truncated>
		<difficult>0</difficult>
		<bndbox>
			<xmin>94</xmin>
			<ymin>7</ymin>
			<xmax>363</xmax>
			<ymax>129</ymax>
		</bndbox>
	</object>
</annotation>
