<annotation>
	<folder>smoke</folder>
	<filename>274.jpg</filename>
	<path>E:\Project\label\smoke\274.jpg</path>
	<source>
		<database>Unknown</database>
	</source>
	<size>
		<width>494</width>
		<height>491</height>
		<depth>3</depth>
	</size>
	<segmented>0</segmented>
	<object>
		<name>smoke</name>
		<pose>Unspecified</pose>
		<truncated>0</truncated>
		<difficult>0</difficult>
		<bndbox>
			<xmin>28</xmin>
			<ymin>8</ymin>
			<xmax>471</xmax>
			<ymax>316</ymax>
		</bndbox>
	</object>
</annotation>
