<annotation>
	<folder>smoke</folder>
	<filename>277.jpg</filename>
	<path>E:\Project\label\smoke\277.jpg</path>
	<source>
		<database>Unknown</database>
	</source>
	<size>
		<width>0</width>
		<height>0</height>
		<depth>3</depth>
	</size>
	<segmented>0</segmented>
	<object>
		<name>fire</name>
		<pose>Unspecified</pose>
		<truncated>0</truncated>
		<difficult>0</difficult>
		<bndbox>
			<xmin>112</xmin>
			<ymin>190</ymin>
			<xmax>183</xmax>
			<ymax>266</ymax>
		</bndbox>
	</object>
	<object>
		<name>smoke</name>
		<pose>Unspecified</pose>
		<truncated>0</truncated>
		<difficult>0</difficult>
		<bndbox>
			<xmin>126</xmin>
			<ymin>4</ymin>
			<xmax>267</xmax>
			<ymax>159</ymax>
		</bndbox>
	</object>
</annotation>
