<annotation>
	<folder>smoke</folder>
	<filename>278.jpg</filename>
	<path>E:\Project\label\smoke\278.jpg</path>
	<source>
		<database>Unknown</database>
	</source>
	<size>
		<width>500</width>
		<height>329</height>
		<depth>3</depth>
	</size>
	<segmented>0</segmented>
	<object>
		<name>fire</name>
		<pose>Unspecified</pose>
		<truncated>0</truncated>
		<difficult>0</difficult>
		<bndbox>
			<xmin>2</xmin>
			<ymin>16</ymin>
			<xmax>414</xmax>
			<ymax>318</ymax>
		</bndbox>
	</object>
</annotation>
