<annotation>
	<folder>smoke</folder>
	<filename>282.jpg</filename>
	<path>E:\Project\label\smoke\282.jpg</path>
	<source>
		<database>Unknown</database>
	</source>
	<size>
		<width>275</width>
		<height>344</height>
		<depth>3</depth>
	</size>
	<segmented>0</segmented>
	<object>
		<name>smoke</name>
		<pose>Unspecified</pose>
		<truncated>0</truncated>
		<difficult>0</difficult>
		<bndbox>
			<xmin>54</xmin>
			<ymin>20</ymin>
			<xmax>188</xmax>
			<ymax>294</ymax>
		</bndbox>
	</object>
</annotation>
