<annotation>
	<folder>smoke</folder>
	<filename>284.jpg</filename>
	<path>E:\Project\label\smoke\284.jpg</path>
	<source>
		<database>Unknown</database>
	</source>
	<size>
		<width>300</width>
		<height>533</height>
		<depth>3</depth>
	</size>
	<segmented>0</segmented>
	<object>
		<name>smoke</name>
		<pose>Unspecified</pose>
		<truncated>1</truncated>
		<difficult>0</difficult>
		<bndbox>
			<xmin>30</xmin>
			<ymin>2</ymin>
			<xmax>300</xmax>
			<ymax>425</ymax>
		</bndbox>
	</object>
</annotation>
