<annotation>
	<folder>smoke</folder>
	<filename>288.jpg</filename>
	<path>E:\Project\label\smoke\288.jpg</path>
	<source>
		<database>Unknown</database>
	</source>
	<size>
		<width>489</width>
		<height>576</height>
		<depth>3</depth>
	</size>
	<segmented>0</segmented>
	<object>
		<name>smoke</name>
		<pose>Unspecified</pose>
		<truncated>0</truncated>
		<difficult>0</difficult>
		<bndbox>
			<xmin>192</xmin>
			<ymin>93</ymin>
			<xmax>379</xmax>
			<ymax>291</ymax>
		</bndbox>
	</object>
</annotation>
