<annotation>
	<folder>smoke</folder>
	<filename>291.jpg</filename>
	<path>E:\Project\label\smoke\291.jpg</path>
	<source>
		<database>Unknown</database>
	</source>
	<size>
		<width>450</width>
		<height>264</height>
		<depth>1</depth>
	</size>
	<segmented>0</segmented>
	<object>
		<name>smoke</name>
		<pose>Unspecified</pose>
		<truncated>1</truncated>
		<difficult>0</difficult>
		<bndbox>
			<xmin>1</xmin>
			<ymin>4</ymin>
			<xmax>291</xmax>
			<ymax>191</ymax>
		</bndbox>
	</object>
</annotation>
