<annotation>
	<folder>smoke</folder>
	<filename>292.jpg</filename>
	<path>E:\Project\label\smoke\292.jpg</path>
	<source>
		<database>Unknown</database>
	</source>
	<size>
		<width>450</width>
		<height>300</height>
		<depth>1</depth>
	</size>
	<segmented>0</segmented>
	<object>
		<name>smoke</name>
		<pose>Unspecified</pose>
		<truncated>1</truncated>
		<difficult>0</difficult>
		<bndbox>
			<xmin>1</xmin>
			<ymin>95</ymin>
			<xmax>127</xmax>
			<ymax>231</ymax>
		</bndbox>
	</object>
	<object>
		<name>smoke1</name>
		<pose>Unspecified</pose>
		<truncated>0</truncated>
		<difficult>0</difficult>
		<bndbox>
			<xmin>141</xmin>
			<ymin>31</ymin>
			<xmax>305</xmax>
			<ymax>132</ymax>
		</bndbox>
	</object>
</annotation>
