<annotation>
	<folder>smoke</folder>
	<filename>294.jpg</filename>
	<path>E:\Project\label\smoke\294.jpg</path>
	<source>
		<database>Unknown</database>
	</source>
	<size>
		<width>240</width>
		<height>320</height>
		<depth>3</depth>
	</size>
	<segmented>0</segmented>
	<object>
		<name>smoke</name>
		<pose>Unspecified</pose>
		<truncated>0</truncated>
		<difficult>0</difficult>
		<bndbox>
			<xmin>76</xmin>
			<ymin>4</ymin>
			<xmax>168</xmax>
			<ymax>206</ymax>
		</bndbox>
	</object>
	<object>
		<name>fire</name>
		<pose>Unspecified</pose>
		<truncated>0</truncated>
		<difficult>0</difficult>
		<bndbox>
			<xmin>76</xmin>
			<ymin>213</ymin>
			<xmax>115</xmax>
			<ymax>259</ymax>
		</bndbox>
	</object>
</annotation>
