<annotation>
	<folder>smoke</folder>
	<filename>295.jpg</filename>
	<path>E:\Project\label\smoke\295.jpg</path>
	<source>
		<database>Unknown</database>
	</source>
	<size>
		<width>441</width>
		<height>438</height>
		<depth>3</depth>
	</size>
	<segmented>0</segmented>
	<object>
		<name>smoke</name>
		<pose>Unspecified</pose>
		<truncated>0</truncated>
		<difficult>0</difficult>
		<bndbox>
			<xmin>78</xmin>
			<ymin>52</ymin>
			<xmax>315</xmax>
			<ymax>259</ymax>
		</bndbox>
	</object>
</annotation>
