<annotation>
	<folder>smoke</folder>
	<filename>297.jpg</filename>
	<path>E:\Project\label\smoke\297.jpg</path>
	<source>
		<database>Unknown</database>
	</source>
	<size>
		<width>464</width>
		<height>329</height>
		<depth>3</depth>
	</size>
	<segmented>0</segmented>
	<object>
		<name>smoke</name>
		<pose>Unspecified</pose>
		<truncated>0</truncated>
		<difficult>0</difficult>
		<bndbox>
			<xmin>68</xmin>
			<ymin>73</ymin>
			<xmax>460</xmax>
			<ymax>256</ymax>
		</bndbox>
	</object>
	<object>
		<name>fire</name>
		<pose>Unspecified</pose>
		<truncated>1</truncated>
		<difficult>0</difficult>
		<bndbox>
			<xmin>135</xmin>
			<ymin>267</ymin>
			<xmax>464</xmax>
			<ymax>307</ymax>
		</bndbox>
	</object>
</annotation>
