<annotation>
	<folder>smoke</folder>
	<filename>298.jpg</filename>
	<path>E:\Project\label\smoke\298.jpg</path>
	<source>
		<database>Unknown</database>
	</source>
	<size>
		<width>500</width>
		<height>666</height>
		<depth>3</depth>
	</size>
	<segmented>0</segmented>
	<object>
		<name>smoke</name>
		<pose>Unspecified</pose>
		<truncated>0</truncated>
		<difficult>0</difficult>
		<bndbox>
			<xmin>7</xmin>
			<ymin>6</ymin>
			<xmax>317</xmax>
			<ymax>227</ymax>
		</bndbox>
	</object>
	<object>
		<name>smoke1</name>
		<pose>Unspecified</pose>
		<truncated>0</truncated>
		<difficult>0</difficult>
		<bndbox>
			<xmin>211</xmin>
			<ymin>240</ymin>
			<xmax>323</xmax>
			<ymax>400</ymax>
		</bndbox>
	</object>
</annotation>
