<annotation>
	<folder>smoke</folder>
	<filename>3.jpg</filename>
	<path>E:\Project\label\smoke\3.jpg</path>
	<source>
		<database>Unknown</database>
	</source>
	<size>
		<width>500</width>
		<height>375</height>
		<depth>3</depth>
	</size>
	<segmented>0</segmented>
	<object>
		<name>smoke</name>
		<pose>Unspecified</pose>
		<truncated>0</truncated>
		<difficult>0</difficult>
		<bndbox>
			<xmin>21</xmin>
			<ymin>19</ymin>
			<xmax>494</xmax>
			<ymax>234</ymax>
		</bndbox>
	</object>
</annotation>
