<annotation>
	<folder>smoke</folder>
	<filename>30.jpg</filename>
	<path>E:\Project\label\smoke\30.jpg</path>
	<source>
		<database>Unknown</database>
	</source>
	<size>
		<width>500</width>
		<height>667</height>
		<depth>3</depth>
	</size>
	<segmented>0</segmented>
	<object>
		<name>smoke</name>
		<pose>Unspecified</pose>
		<truncated>0</truncated>
		<difficult>0</difficult>
		<bndbox>
			<xmin>139</xmin>
			<ymin>32</ymin>
			<xmax>499</xmax>
			<ymax>321</ymax>
		</bndbox>
	</object>
</annotation>
