<annotation>
	<folder>smoke</folder>
	<filename>300.jpg</filename>
	<path>E:\Project\label\smoke\300.jpg</path>
	<source>
		<database>Unknown</database>
	</source>
	<size>
		<width>400</width>
		<height>202</height>
		<depth>1</depth>
	</size>
	<segmented>0</segmented>
	<object>
		<name>smoke</name>
		<pose>Unspecified</pose>
		<truncated>0</truncated>
		<difficult>0</difficult>
		<bndbox>
			<xmin>221</xmin>
			<ymin>3</ymin>
			<xmax>374</xmax>
			<ymax>105</ymax>
		</bndbox>
	</object>
</annotation>
