<annotation>
	<folder>smoke</folder>
	<filename>302.jpg</filename>
	<path>E:\Project\label\smoke\302.jpg</path>
	<source>
		<database>Unknown</database>
	</source>
	<size>
		<width>300</width>
		<height>199</height>
		<depth>3</depth>
	</size>
	<segmented>0</segmented>
	<object>
		<name>smoke</name>
		<pose>Unspecified</pose>
		<truncated>0</truncated>
		<difficult>0</difficult>
		<bndbox>
			<xmin>2</xmin>
			<ymin>9</ymin>
			<xmax>172</xmax>
			<ymax>179</ymax>
		</bndbox>
	</object>
</annotation>
