<annotation>
	<folder>smoke</folder>
	<filename>305.jpg</filename>
	<path>E:\Project\label\smoke\305.jpg</path>
	<source>
		<database>Unknown</database>
	</source>
	<size>
		<width>500</width>
		<height>328</height>
		<depth>3</depth>
	</size>
	<segmented>0</segmented>
	<object>
		<name>smoke</name>
		<pose>Unspecified</pose>
		<truncated>1</truncated>
		<difficult>0</difficult>
		<bndbox>
			<xmin>6</xmin>
			<ymin>1</ymin>
			<xmax>193</xmax>
			<ymax>144</ymax>
		</bndbox>
	</object>
</annotation>
