<annotation>
	<folder>smoke</folder>
	<filename>308.jpg</filename>
	<path>E:\Project\label\smoke\308.jpg</path>
	<source>
		<database>Unknown</database>
	</source>
	<size>
		<width>400</width>
		<height>299</height>
		<depth>3</depth>
	</size>
	<segmented>0</segmented>
	<object>
		<name>smoke</name>
		<pose>Unspecified</pose>
		<truncated>1</truncated>
		<difficult>0</difficult>
		<bndbox>
			<xmin>159</xmin>
			<ymin>42</ymin>
			<xmax>400</xmax>
			<ymax>202</ymax>
		</bndbox>
	</object>
</annotation>
