<annotation>
	<folder>smoke</folder>
	<filename>31.jpg</filename>
	<path>E:\Project\label\smoke\31.jpg</path>
	<source>
		<database>Unknown</database>
	</source>
	<size>
		<width>500</width>
		<height>325</height>
		<depth>3</depth>
	</size>
	<segmented>0</segmented>
	<object>
		<name>smoke</name>
		<pose>Unspecified</pose>
		<truncated>0</truncated>
		<difficult>0</difficult>
		<bndbox>
			<xmin>24</xmin>
			<ymin>7</ymin>
			<xmax>263</xmax>
			<ymax>269</ymax>
		</bndbox>
	</object>
	<object>
		<name>fire</name>
		<pose>Unspecified</pose>
		<truncated>0</truncated>
		<difficult>0</difficult>
		<bndbox>
			<xmin>255</xmin>
			<ymin>239</ymin>
			<xmax>314</xmax>
			<ymax>290</ymax>
		</bndbox>
	</object>
</annotation>
