<annotation>
	<folder>smoke</folder>
	<filename>314.jpg</filename>
	<path>E:\Project\label\smoke\314.jpg</path>
	<source>
		<database>Unknown</database>
	</source>
	<size>
		<width>300</width>
		<height>199</height>
		<depth>3</depth>
	</size>
	<segmented>0</segmented>
	<object>
		<name>fire</name>
		<pose>Unspecified</pose>
		<truncated>0</truncated>
		<difficult>0</difficult>
		<bndbox>
			<xmin>149</xmin>
			<ymin>75</ymin>
			<xmax>204</xmax>
			<ymax>162</ymax>
		</bndbox>
	</object>
	<object>
		<name>smoke</name>
		<pose>Unspecified</pose>
		<truncated>0</truncated>
		<difficult>0</difficult>
		<bndbox>
			<xmin>21</xmin>
			<ymin>24</ymin>
			<xmax>143</xmax>
			<ymax>141</ymax>
		</bndbox>
	</object>
</annotation>
