<annotation>
	<folder>smoke</folder>
	<filename>315.jpg</filename>
	<path>E:\Project\label\smoke\315.jpg</path>
	<source>
		<database>Unknown</database>
	</source>
	<size>
		<width>199</width>
		<height>300</height>
		<depth>3</depth>
	</size>
	<segmented>0</segmented>
	<object>
		<name>smoke</name>
		<pose>Unspecified</pose>
		<truncated>0</truncated>
		<difficult>0</difficult>
		<bndbox>
			<xmin>16</xmin>
			<ymin>5</ymin>
			<xmax>164</xmax>
			<ymax>207</ymax>
		</bndbox>
	</object>
	<object>
		<name>fire</name>
		<pose>Unspecified</pose>
		<truncated>0</truncated>
		<difficult>0</difficult>
		<bndbox>
			<xmin>84</xmin>
			<ymin>219</ymin>
			<xmax>194</xmax>
			<ymax>254</ymax>
		</bndbox>
	</object>
</annotation>
