<annotation>
	<folder>smoke</folder>
	<filename>316.jpg</filename>
	<path>E:\Project\label\smoke\316.jpg</path>
	<source>
		<database>Unknown</database>
	</source>
	<size>
		<width>500</width>
		<height>375</height>
		<depth>3</depth>
	</size>
	<segmented>0</segmented>
	<object>
		<name>smoke</name>
		<pose>Unspecified</pose>
		<truncated>0</truncated>
		<difficult>0</difficult>
		<bndbox>
			<xmin>125</xmin>
			<ymin>5</ymin>
			<xmax>433</xmax>
			<ymax>219</ymax>
		</bndbox>
	</object>
	<object>
		<name>fire</name>
		<pose>Unspecified</pose>
		<truncated>0</truncated>
		<difficult>0</difficult>
		<bndbox>
			<xmin>161</xmin>
			<ymin>237</ymin>
			<xmax>226</xmax>
			<ymax>290</ymax>
		</bndbox>
	</object>
</annotation>
