<annotation>
	<folder>smoke</folder>
	<filename>317.jpg</filename>
	<path>E:\Project\label\smoke\317.jpg</path>
	<source>
		<database>Unknown</database>
	</source>
	<size>
		<width>450</width>
		<height>278</height>
		<depth>3</depth>
	</size>
	<segmented>0</segmented>
	<object>
		<name>smoke</name>
		<pose>Unspecified</pose>
		<truncated>0</truncated>
		<difficult>0</difficult>
		<bndbox>
			<xmin>22</xmin>
			<ymin>7</ymin>
			<xmax>437</xmax>
			<ymax>151</ymax>
		</bndbox>
	</object>
	<object>
		<name>fire</name>
		<pose>Unspecified</pose>
		<truncated>0</truncated>
		<difficult>0</difficult>
		<bndbox>
			<xmin>106</xmin>
			<ymin>158</ymin>
			<xmax>292</xmax>
			<ymax>263</ymax>
		</bndbox>
	</object>
</annotation>
