<annotation>
	<folder>smoke</folder>
	<filename>318.jpg</filename>
	<path>E:\Project\label\smoke\318.jpg</path>
	<source>
		<database>Unknown</database>
	</source>
	<size>
		<width>440</width>
		<height>330</height>
		<depth>3</depth>
	</size>
	<segmented>0</segmented>
	<object>
		<name>smoke</name>
		<pose>Unspecified</pose>
		<truncated>0</truncated>
		<difficult>0</difficult>
		<bndbox>
			<xmin>116</xmin>
			<ymin>4</ymin>
			<xmax>266</xmax>
			<ymax>182</ymax>
		</bndbox>
	</object>
</annotation>
