<annotation>
	<folder>smoke</folder>
	<filename>319.jpg</filename>
	<path>E:\Project\label\smoke\319.jpg</path>
	<source>
		<database>Unknown</database>
	</source>
	<size>
		<width>500</width>
		<height>667</height>
		<depth>3</depth>
	</size>
	<segmented>0</segmented>
	<object>
		<name>smoke</name>
		<pose>Unspecified</pose>
		<truncated>0</truncated>
		<difficult>0</difficult>
		<bndbox>
			<xmin>73</xmin>
			<ymin>240</ymin>
			<xmax>261</xmax>
			<ymax>482</ymax>
		</bndbox>
	</object>
	<object>
		<name>smoke1</name>
		<pose>Unspecified</pose>
		<truncated>1</truncated>
		<difficult>0</difficult>
		<bndbox>
			<xmin>254</xmin>
			<ymin>5</ymin>
			<xmax>500</xmax>
			<ymax>290</ymax>
		</bndbox>
	</object>
</annotation>
