<annotation>
	<folder>smoke</folder>
	<filename>322.jpg</filename>
	<path>E:\Project\label\smoke\322.jpg</path>
	<source>
		<database>Unknown</database>
	</source>
	<size>
		<width>500</width>
		<height>274</height>
		<depth>3</depth>
	</size>
	<segmented>0</segmented>
	<object>
		<name>fire</name>
		<pose>Unspecified</pose>
		<truncated>0</truncated>
		<difficult>0</difficult>
		<bndbox>
			<xmin>190</xmin>
			<ymin>132</ymin>
			<xmax>257</xmax>
			<ymax>241</ymax>
		</bndbox>
	</object>
	<object>
		<name>smoke</name>
		<pose>Unspecified</pose>
		<truncated>0</truncated>
		<difficult>0</difficult>
		<bndbox>
			<xmin>188</xmin>
			<ymin>8</ymin>
			<xmax>423</xmax>
			<ymax>126</ymax>
		</bndbox>
	</object>
</annotation>
