<annotation>
	<folder>smoke</folder>
	<filename>324.jpg</filename>
	<path>E:\Project\label\smoke\324.jpg</path>
	<source>
		<database>Unknown</database>
	</source>
	<size>
		<width>357</width>
		<height>220</height>
		<depth>3</depth>
	</size>
	<segmented>0</segmented>
	<object>
		<name>smoke</name>
		<pose>Unspecified</pose>
		<truncated>0</truncated>
		<difficult>0</difficult>
		<bndbox>
			<xmin>12</xmin>
			<ymin>5</ymin>
			<xmax>238</xmax>
			<ymax>142</ymax>
		</bndbox>
	</object>
</annotation>
