<annotation>
	<folder>smoke</folder>
	<filename>325.jpg</filename>
	<path>E:\Project\label\smoke\325.jpg</path>
	<source>
		<database>Unknown</database>
	</source>
	<size>
		<width>408</width>
		<height>213</height>
		<depth>3</depth>
	</size>
	<segmented>0</segmented>
	<object>
		<name>fire</name>
		<pose>Unspecified</pose>
		<truncated>1</truncated>
		<difficult>0</difficult>
		<bndbox>
			<xmin>10</xmin>
			<ymin>52</ymin>
			<xmax>270</xmax>
			<ymax>213</ymax>
		</bndbox>
	</object>
	<object>
		<name>smoke</name>
		<pose>Unspecified</pose>
		<truncated>1</truncated>
		<difficult>0</difficult>
		<bndbox>
			<xmin>247</xmin>
			<ymin>12</ymin>
			<xmax>408</xmax>
			<ymax>201</ymax>
		</bndbox>
	</object>
</annotation>
