<annotation>
	<folder>smoke</folder>
	<filename>326.jpg</filename>
	<path>E:\Project\label\smoke\326.jpg</path>
	<source>
		<database>Unknown</database>
	</source>
	<size>
		<width>401</width>
		<height>600</height>
		<depth>3</depth>
	</size>
	<segmented>0</segmented>
	<object>
		<name>smoke</name>
		<pose>Unspecified</pose>
		<truncated>0</truncated>
		<difficult>0</difficult>
		<bndbox>
			<xmin>46</xmin>
			<ymin>137</ymin>
			<xmax>390</xmax>
			<ymax>283</ymax>
		</bndbox>
	</object>
</annotation>
