<annotation>
	<folder>smoke</folder>
	<filename>327.jpg</filename>
	<path>E:\Project\label\smoke\327.jpg</path>
	<source>
		<database>Unknown</database>
	</source>
	<size>
		<width>500</width>
		<height>889</height>
		<depth>3</depth>
	</size>
	<segmented>0</segmented>
	<object>
		<name>fire</name>
		<pose>Unspecified</pose>
		<truncated>0</truncated>
		<difficult>0</difficult>
		<bndbox>
			<xmin>144</xmin>
			<ymin>395</ymin>
			<xmax>366</xmax>
			<ymax>493</ymax>
		</bndbox>
	</object>
	<object>
		<name>smoke</name>
		<pose>Unspecified</pose>
		<truncated>1</truncated>
		<difficult>0</difficult>
		<bndbox>
			<xmin>110</xmin>
			<ymin>19</ymin>
			<xmax>500</xmax>
			<ymax>379</ymax>
		</bndbox>
	</object>
</annotation>
