<annotation>
	<folder>smoke</folder>
	<filename>329.jpg</filename>
	<path>E:\Project\label\smoke\329.jpg</path>
	<source>
		<database>Unknown</database>
	</source>
	<size>
		<width>500</width>
		<height>667</height>
		<depth>3</depth>
	</size>
	<segmented>0</segmented>
	<object>
		<name>smoke</name>
		<pose>Unspecified</pose>
		<truncated>0</truncated>
		<difficult>0</difficult>
		<bndbox>
			<xmin>81</xmin>
			<ymin>226</ymin>
			<xmax>275</xmax>
			<ymax>434</ymax>
		</bndbox>
	</object>
	<object>
		<name>smoke</name>
		<pose>Unspecified</pose>
		<truncated>1</truncated>
		<difficult>0</difficult>
		<bndbox>
			<xmin>296</xmin>
			<ymin>13</ymin>
			<xmax>500</xmax>
			<ymax>290</ymax>
		</bndbox>
	</object>
</annotation>
