<annotation>
	<folder>smoke</folder>
	<filename>333.jpg</filename>
	<path>E:\Project\label\smoke\333.jpg</path>
	<source>
		<database>Unknown</database>
	</source>
	<size>
		<width>320</width>
		<height>240</height>
		<depth>3</depth>
	</size>
	<segmented>0</segmented>
	<object>
		<name>smoke</name>
		<pose>Unspecified</pose>
		<truncated>0</truncated>
		<difficult>0</difficult>
		<bndbox>
			<xmin>211</xmin>
			<ymin>10</ymin>
			<xmax>307</xmax>
			<ymax>135</ymax>
		</bndbox>
	</object>
	<object>
		<name>fire</name>
		<pose>Unspecified</pose>
		<truncated>0</truncated>
		<difficult>0</difficult>
		<bndbox>
			<xmin>206</xmin>
			<ymin>140</ymin>
			<xmax>233</xmax>
			<ymax>200</ymax>
		</bndbox>
	</object>
</annotation>
