<annotation>
	<folder>smoke</folder>
	<filename>337.jpg</filename>
	<path>E:\Project\label\smoke\337.jpg</path>
	<source>
		<database>Unknown</database>
	</source>
	<size>
		<width>500</width>
		<height>379</height>
		<depth>3</depth>
	</size>
	<segmented>0</segmented>
	<object>
		<name>smoke</name>
		<pose>Unspecified</pose>
		<truncated>0</truncated>
		<difficult>0</difficult>
		<bndbox>
			<xmin>74</xmin>
			<ymin>3</ymin>
			<xmax>406</xmax>
			<ymax>258</ymax>
		</bndbox>
	</object>
	<object>
		<name>fire</name>
		<pose>Unspecified</pose>
		<truncated>0</truncated>
		<difficult>0</difficult>
		<bndbox>
			<xmin>229</xmin>
			<ymin>266</ymin>
			<xmax>333</xmax>
			<ymax>307</ymax>
		</bndbox>
	</object>
</annotation>
