<annotation>
	<folder>smoke</folder>
	<filename>34.jpg</filename>
	<path>E:\Project\label\smoke\34.jpg</path>
	<source>
		<database>Unknown</database>
	</source>
	<size>
		<width>499</width>
		<height>318</height>
		<depth>3</depth>
	</size>
	<segmented>0</segmented>
	<object>
		<name>smoke</name>
		<pose>Unspecified</pose>
		<truncated>0</truncated>
		<difficult>0</difficult>
		<bndbox>
			<xmin>10</xmin>
			<ymin>5</ymin>
			<xmax>457</xmax>
			<ymax>208</ymax>
		</bndbox>
	</object>
	<object>
		<name>fire</name>
		<pose>Unspecified</pose>
		<truncated>0</truncated>
		<difficult>0</difficult>
		<bndbox>
			<xmin>264</xmin>
			<ymin>262</ymin>
			<xmax>325</xmax>
			<ymax>303</ymax>
		</bndbox>
	</object>
</annotation>
