<annotation>
	<folder>smoke</folder>
	<filename>342.jpg</filename>
	<path>E:\Project\label\smoke\342.jpg</path>
	<source>
		<database>Unknown</database>
	</source>
	<size>
		<width>500</width>
		<height>375</height>
		<depth>3</depth>
	</size>
	<segmented>0</segmented>
	<object>
		<name>smoke</name>
		<pose>Unspecified</pose>
		<truncated>1</truncated>
		<difficult>0</difficult>
		<bndbox>
			<xmin>1</xmin>
			<ymin>29</ymin>
			<xmax>345</xmax>
			<ymax>274</ymax>
		</bndbox>
	</object>
</annotation>
