<annotation>
	<folder>smoke</folder>
	<filename>345.jpg</filename>
	<path>E:\Project\label\smoke\345.jpg</path>
	<source>
		<database>Unknown</database>
	</source>
	<size>
		<width>300</width>
		<height>200</height>
		<depth>1</depth>
	</size>
	<segmented>0</segmented>
	<object>
		<name>smoke</name>
		<pose>Unspecified</pose>
		<truncated>0</truncated>
		<difficult>0</difficult>
		<bndbox>
			<xmin>44</xmin>
			<ymin>30</ymin>
			<xmax>294</xmax>
			<ymax>98</ymax>
		</bndbox>
	</object>
</annotation>
