<annotation>
	<folder>smoke</folder>
	<filename>351.jpg</filename>
	<path>E:\Project\label\smoke\351.jpg</path>
	<source>
		<database>Unknown</database>
	</source>
	<size>
		<width>300</width>
		<height>225</height>
		<depth>3</depth>
	</size>
	<segmented>0</segmented>
	<object>
		<name>fire</name>
		<pose>Unspecified</pose>
		<truncated>0</truncated>
		<difficult>0</difficult>
		<bndbox>
			<xmin>141</xmin>
			<ymin>68</ymin>
			<xmax>275</xmax>
			<ymax>152</ymax>
		</bndbox>
	</object>
</annotation>
