<annotation>
	<folder>smoke</folder>
	<filename>356.jpg</filename>
	<path>E:\Project\label\smoke\356.jpg</path>
	<source>
		<database>Unknown</database>
	</source>
	<size>
		<width>505</width>
		<height>300</height>
		<depth>3</depth>
	</size>
	<segmented>0</segmented>
	<object>
		<name>fire</name>
		<pose>Unspecified</pose>
		<truncated>0</truncated>
		<difficult>0</difficult>
		<bndbox>
			<xmin>61</xmin>
			<ymin>41</ymin>
			<xmax>323</xmax>
			<ymax>276</ymax>
		</bndbox>
	</object>
	<object>
		<name>smoke</name>
		<pose>Unspecified</pose>
		<truncated>0</truncated>
		<difficult>0</difficult>
		<bndbox>
			<xmin>333</xmin>
			<ymin>23</ymin>
			<xmax>429</xmax>
			<ymax>200</ymax>
		</bndbox>
	</object>
</annotation>
