<annotation>
	<folder>smoke</folder>
	<filename>358.jpg</filename>
	<path>E:\Project\label\smoke\358.jpg</path>
	<source>
		<database>Unknown</database>
	</source>
	<size>
		<width>500</width>
		<height>333</height>
		<depth>3</depth>
	</size>
	<segmented>0</segmented>
	<object>
		<name>smoke</name>
		<pose>Unspecified</pose>
		<truncated>0</truncated>
		<difficult>0</difficult>
		<bndbox>
			<xmin>210</xmin>
			<ymin>17</ymin>
			<xmax>288</xmax>
			<ymax>237</ymax>
		</bndbox>
	</object>
</annotation>
