<annotation>
	<folder>smoke</folder>
	<filename>359.jpg</filename>
	<path>E:\Project\label\smoke\359.jpg</path>
	<source>
		<database>Unknown</database>
	</source>
	<size>
		<width>500</width>
		<height>333</height>
		<depth>3</depth>
	</size>
	<segmented>0</segmented>
	<object>
		<name>smoke</name>
		<pose>Unspecified</pose>
		<truncated>0</truncated>
		<difficult>0</difficult>
		<bndbox>
			<xmin>19</xmin>
			<ymin>9</ymin>
			<xmax>313</xmax>
			<ymax>242</ymax>
		</bndbox>
	</object>
</annotation>
