<annotation>
	<folder>smoke</folder>
	<filename>36.jpg</filename>
	<path>E:\Project\label\smoke\36.jpg</path>
	<source>
		<database>Unknown</database>
	</source>
	<size>
		<width>300</width>
		<height>410</height>
		<depth>3</depth>
	</size>
	<segmented>0</segmented>
	<object>
		<name>smoke</name>
		<pose>Unspecified</pose>
		<truncated>0</truncated>
		<difficult>0</difficult>
		<bndbox>
			<xmin>106</xmin>
			<ymin>17</ymin>
			<xmax>296</xmax>
			<ymax>280</ymax>
		</bndbox>
	</object>
	<object>
		<name>fire</name>
		<pose>Unspecified</pose>
		<truncated>0</truncated>
		<difficult>0</difficult>
		<bndbox>
			<xmin>113</xmin>
			<ymin>293</ymin>
			<xmax>295</xmax>
			<ymax>398</ymax>
		</bndbox>
	</object>
</annotation>
