<annotation>
	<folder>smoke</folder>
	<filename>360.jpg</filename>
	<path>E:\Project\label\smoke\360.jpg</path>
	<source>
		<database>Unknown</database>
	</source>
	<size>
		<width>440</width>
		<height>285</height>
		<depth>3</depth>
	</size>
	<segmented>0</segmented>
	<object>
		<name>fire</name>
		<pose>Unspecified</pose>
		<truncated>0</truncated>
		<difficult>0</difficult>
		<bndbox>
			<xmin>160</xmin>
			<ymin>41</ymin>
			<xmax>394</xmax>
			<ymax>217</ymax>
		</bndbox>
	</object>
</annotation>
