<annotation>
	<folder>smoke</folder>
	<filename>362.jpg</filename>
	<path>E:\Project\label\smoke\362.jpg</path>
	<source>
		<database>Unknown</database>
	</source>
	<size>
		<width>500</width>
		<height>679</height>
		<depth>3</depth>
	</size>
	<segmented>0</segmented>
	<object>
		<name>fire</name>
		<pose>Unspecified</pose>
		<truncated>0</truncated>
		<difficult>0</difficult>
		<bndbox>
			<xmin>178</xmin>
			<ymin>225</ymin>
			<xmax>342</xmax>
			<ymax>526</ymax>
		</bndbox>
	</object>
	<object>
		<name>smoke</name>
		<pose>Unspecified</pose>
		<truncated>0</truncated>
		<difficult>0</difficult>
		<bndbox>
			<xmin>153</xmin>
			<ymin>17</ymin>
			<xmax>415</xmax>
			<ymax>208</ymax>
		</bndbox>
	</object>
</annotation>
