<annotation>
	<folder>smoke</folder>
	<filename>363.jpg</filename>
	<path>E:\Project\label\smoke\363.jpg</path>
	<source>
		<database>Unknown</database>
	</source>
	<size>
		<width>450</width>
		<height>191</height>
		<depth>3</depth>
	</size>
	<segmented>0</segmented>
	<object>
		<name>smoke</name>
		<pose>Unspecified</pose>
		<truncated>0</truncated>
		<difficult>0</difficult>
		<bndbox>
			<xmin>101</xmin>
			<ymin>16</ymin>
			<xmax>412</xmax>
			<ymax>110</ymax>
		</bndbox>
	</object>
</annotation>
