<annotation>
	<folder>smoke</folder>
	<filename>366.jpg</filename>
	<path>E:\Project\label\smoke\366.jpg</path>
	<source>
		<database>Unknown</database>
	</source>
	<size>
		<width>300</width>
		<height>250</height>
		<depth>3</depth>
	</size>
	<segmented>0</segmented>
	<object>
		<name>fire</name>
		<pose>Unspecified</pose>
		<truncated>0</truncated>
		<difficult>0</difficult>
		<bndbox>
			<xmin>2</xmin>
			<ymin>161</ymin>
			<xmax>78</xmax>
			<ymax>246</ymax>
		</bndbox>
	</object>
	<object>
		<name>smoke</name>
		<pose>Unspecified</pose>
		<truncated>0</truncated>
		<difficult>0</difficult>
		<bndbox>
			<xmin>104</xmin>
			<ymin>10</ymin>
			<xmax>294</xmax>
			<ymax>219</ymax>
		</bndbox>
	</object>
</annotation>
