<annotation>
	<folder>smoke</folder>
	<filename>367.jpg</filename>
	<path>E:\Project\label\smoke\367.jpg</path>
	<source>
		<database>Unknown</database>
	</source>
	<size>
		<width>500</width>
		<height>334</height>
		<depth>3</depth>
	</size>
	<segmented>0</segmented>
	<object>
		<name>smoke</name>
		<pose>Unspecified</pose>
		<truncated>0</truncated>
		<difficult>0</difficult>
		<bndbox>
			<xmin>104</xmin>
			<ymin>9</ymin>
			<xmax>385</xmax>
			<ymax>209</ymax>
		</bndbox>
	</object>
</annotation>
