<annotation>
	<folder>smoke</folder>
	<filename>368.jpg</filename>
	<path>E:\Project\label\smoke\368.jpg</path>
	<source>
		<database>Unknown</database>
	</source>
	<size>
		<width>450</width>
		<height>337</height>
		<depth>3</depth>
	</size>
	<segmented>0</segmented>
	<object>
		<name>smoke</name>
		<pose>Unspecified</pose>
		<truncated>0</truncated>
		<difficult>0</difficult>
		<bndbox>
			<xmin>38</xmin>
			<ymin>20</ymin>
			<xmax>439</xmax>
			<ymax>136</ymax>
		</bndbox>
	</object>
</annotation>
