<annotation>
	<folder>smoke</folder>
	<filename>374.jpg</filename>
	<path>E:\Project\label\smoke\374.jpg</path>
	<source>
		<database>Unknown</database>
	</source>
	<size>
		<width>440</width>
		<height>782</height>
		<depth>3</depth>
	</size>
	<segmented>0</segmented>
	<object>
		<name>smoke</name>
		<pose>Unspecified</pose>
		<truncated>1</truncated>
		<difficult>0</difficult>
		<bndbox>
			<xmin>37</xmin>
			<ymin>112</ymin>
			<xmax>440</xmax>
			<ymax>461</ymax>
		</bndbox>
	</object>
</annotation>
