<annotation>
	<folder>smoke</folder>
	<filename>375.jpg</filename>
	<path>E:\Project\label\smoke\375.jpg</path>
	<source>
		<database>Unknown</database>
	</source>
	<size>
		<width>500</width>
		<height>400</height>
		<depth>3</depth>
	</size>
	<segmented>0</segmented>
	<object>
		<name>smoke</name>
		<pose>Unspecified</pose>
		<truncated>0</truncated>
		<difficult>0</difficult>
		<bndbox>
			<xmin>167</xmin>
			<ymin>108</ymin>
			<xmax>312</xmax>
			<ymax>313</ymax>
		</bndbox>
	</object>
</annotation>
