<annotation>
	<folder>smoke</folder>
	<filename>378.jpg</filename>
	<path>E:\Project\label\smoke\378.jpg</path>
	<source>
		<database>Unknown</database>
	</source>
	<size>
		<width>400</width>
		<height>706</height>
		<depth>3</depth>
	</size>
	<segmented>0</segmented>
	<object>
		<name>fire</name>
		<pose>Unspecified</pose>
		<truncated>1</truncated>
		<difficult>0</difficult>
		<bndbox>
			<xmin>23</xmin>
			<ymin>241</ymin>
			<xmax>400</xmax>
			<ymax>405</ymax>
		</bndbox>
	</object>
	<object>
		<name>smoke</name>
		<pose>Unspecified</pose>
		<truncated>0</truncated>
		<difficult>0</difficult>
		<bndbox>
			<xmin>6</xmin>
			<ymin>8</ymin>
			<xmax>389</xmax>
			<ymax>230</ymax>
		</bndbox>
	</object>
</annotation>
