<annotation>
	<folder>smoke</folder>
	<filename>380.jpg</filename>
	<path>E:\Project\label\smoke\380.jpg</path>
	<source>
		<database>Unknown</database>
	</source>
	<size>
		<width>240</width>
		<height>320</height>
		<depth>3</depth>
	</size>
	<segmented>0</segmented>
	<object>
		<name>smoke</name>
		<pose>Unspecified</pose>
		<truncated>0</truncated>
		<difficult>0</difficult>
		<bndbox>
			<xmin>76</xmin>
			<ymin>4</ymin>
			<xmax>185</xmax>
			<ymax>203</ymax>
		</bndbox>
	</object>
	<object>
		<name>fire</name>
		<pose>Unspecified</pose>
		<truncated>0</truncated>
		<difficult>0</difficult>
		<bndbox>
			<xmin>81</xmin>
			<ymin>210</ymin>
			<xmax>111</xmax>
			<ymax>256</ymax>
		</bndbox>
	</object>
</annotation>
