<annotation>
	<folder>smoke</folder>
	<filename>384.jpg</filename>
	<path>E:\Project\label\smoke\384.jpg</path>
	<source>
		<database>Unknown</database>
	</source>
	<size>
		<width>300</width>
		<height>199</height>
		<depth>3</depth>
	</size>
	<segmented>0</segmented>
	<object>
		<name>fire</name>
		<pose>Unspecified</pose>
		<truncated>0</truncated>
		<difficult>0</difficult>
		<bndbox>
			<xmin>147</xmin>
			<ymin>71</ymin>
			<xmax>209</xmax>
			<ymax>160</ymax>
		</bndbox>
	</object>
	<object>
		<name>smoke</name>
		<pose>Unspecified</pose>
		<truncated>0</truncated>
		<difficult>0</difficult>
		<bndbox>
			<xmin>13</xmin>
			<ymin>21</ymin>
			<xmax>146</xmax>
			<ymax>110</ymax>
		</bndbox>
	</object>
</annotation>
