<annotation>
	<folder>smoke</folder>
	<filename>386.jpg</filename>
	<path>E:\Project\label\smoke\386.jpg</path>
	<source>
		<database>Unknown</database>
	</source>
	<size>
		<width>400</width>
		<height>213</height>
		<depth>1</depth>
	</size>
	<segmented>0</segmented>
	<object>
		<name>smoke</name>
		<pose>Unspecified</pose>
		<truncated>0</truncated>
		<difficult>0</difficult>
		<bndbox>
			<xmin>156</xmin>
			<ymin>11</ymin>
			<xmax>359</xmax>
			<ymax>102</ymax>
		</bndbox>
	</object>
</annotation>
