<annotation>
	<folder>smoke</folder>
	<filename>387.jpg</filename>
	<path>E:\Project\label\smoke\387.jpg</path>
	<source>
		<database>Unknown</database>
	</source>
	<size>
		<width>440</width>
		<height>285</height>
		<depth>3</depth>
	</size>
	<segmented>0</segmented>
	<object>
		<name>fire</name>
		<pose>Unspecified</pose>
		<truncated>0</truncated>
		<difficult>0</difficult>
		<bndbox>
			<xmin>170</xmin>
			<ymin>50</ymin>
			<xmax>403</xmax>
			<ymax>200</ymax>
		</bndbox>
	</object>
</annotation>
