<annotation>
	<folder>smoke</folder>
	<filename>391.jpg</filename>
	<path>E:\Project\label\smoke\391.jpg</path>
	<source>
		<database>Unknown</database>
	</source>
	<size>
		<width>320</width>
		<height>565</height>
		<depth>3</depth>
	</size>
	<segmented>0</segmented>
	<object>
		<name>smoke</name>
		<pose>Unspecified</pose>
		<truncated>0</truncated>
		<difficult>0</difficult>
		<bndbox>
			<xmin>34</xmin>
			<ymin>55</ymin>
			<xmax>298</xmax>
			<ymax>283</ymax>
		</bndbox>
	</object>
</annotation>
