<annotation>
	<folder>smoke</folder>
	<filename>392.jpg</filename>
	<path>E:\Project\label\smoke\392.jpg</path>
	<source>
		<database>Unknown</database>
	</source>
	<size>
		<width>320</width>
		<height>240</height>
		<depth>3</depth>
	</size>
	<segmented>0</segmented>
	<object>
		<name>smoke</name>
		<pose>Unspecified</pose>
		<truncated>0</truncated>
		<difficult>0</difficult>
		<bndbox>
			<xmin>3</xmin>
			<ymin>31</ymin>
			<xmax>294</xmax>
			<ymax>160</ymax>
		</bndbox>
	</object>
</annotation>
