<annotation>
	<folder>smoke</folder>
	<filename>393.jpg</filename>
	<path>E:\Project\label\smoke\393.jpg</path>
	<source>
		<database>Unknown</database>
	</source>
	<size>
		<width>280</width>
		<height>486</height>
		<depth>3</depth>
	</size>
	<segmented>0</segmented>
	<object>
		<name>smoke</name>
		<pose>Unspecified</pose>
		<truncated>1</truncated>
		<difficult>0</difficult>
		<bndbox>
			<xmin>57</xmin>
			<ymin>58</ymin>
			<xmax>280</xmax>
			<ymax>275</ymax>
		</bndbox>
	</object>
</annotation>
