<annotation>
	<folder>smoke</folder>
	<filename>394.jpg</filename>
	<path>E:\Project\label\smoke\394.jpg</path>
	<source>
		<database>Unknown</database>
	</source>
	<size>
		<width>500</width>
		<height>322</height>
		<depth>3</depth>
	</size>
	<segmented>0</segmented>
	<object>
		<name>fire</name>
		<pose>Unspecified</pose>
		<truncated>0</truncated>
		<difficult>0</difficult>
		<bndbox>
			<xmin>7</xmin>
			<ymin>82</ymin>
			<xmax>386</xmax>
			<ymax>264</ymax>
		</bndbox>
	</object>
</annotation>
