<annotation>
	<folder>smoke</folder>
	<filename>397.jpg</filename>
	<path>E:\Project\label\smoke\397.jpg</path>
	<source>
		<database>Unknown</database>
	</source>
	<size>
		<width>500</width>
		<height>375</height>
		<depth>3</depth>
	</size>
	<segmented>0</segmented>
	<object>
		<name>smoke</name>
		<pose>Unspecified</pose>
		<truncated>0</truncated>
		<difficult>0</difficult>
		<bndbox>
			<xmin>50</xmin>
			<ymin>8</ymin>
			<xmax>493</xmax>
			<ymax>278</ymax>
		</bndbox>
	</object>
</annotation>
