<annotation>
	<folder>smoke</folder>
	<filename>398.jpg</filename>
	<path>E:\Project\label\smoke\398.jpg</path>
	<source>
		<database>Unknown</database>
	</source>
	<size>
		<width>431</width>
		<height>718</height>
		<depth>3</depth>
	</size>
	<segmented>0</segmented>
	<object>
		<name>smoke</name>
		<pose>Unspecified</pose>
		<truncated>1</truncated>
		<difficult>0</difficult>
		<bndbox>
			<xmin>4</xmin>
			<ymin>75</ymin>
			<xmax>431</xmax>
			<ymax>296</ymax>
		</bndbox>
	</object>
</annotation>
