<annotation>
	<folder>smoke</folder>
	<filename>40.jpg</filename>
	<path>E:\Project\label\smoke\40.jpg</path>
	<source>
		<database>Unknown</database>
	</source>
	<size>
		<width>264</width>
		<height>480</height>
		<depth>3</depth>
	</size>
	<segmented>0</segmented>
	<object>
		<name>smoke</name>
		<pose>Unspecified</pose>
		<truncated>0</truncated>
		<difficult>0</difficult>
		<bndbox>
			<xmin>15</xmin>
			<ymin>8</ymin>
			<xmax>258</xmax>
			<ymax>244</ymax>
		</bndbox>
	</object>
</annotation>
