<annotation>
	<folder>smoke</folder>
	<filename>404.jpg</filename>
	<path>E:\Project\label\smoke\404.jpg</path>
	<source>
		<database>Unknown</database>
	</source>
	<size>
		<width>400</width>
		<height>274</height>
		<depth>3</depth>
	</size>
	<segmented>0</segmented>
	<object>
		<name>smoke</name>
		<pose>Unspecified</pose>
		<truncated>0</truncated>
		<difficult>0</difficult>
		<bndbox>
			<xmin>5</xmin>
			<ymin>61</ymin>
			<xmax>253</xmax>
			<ymax>269</ymax>
		</bndbox>
	</object>
</annotation>
