<annotation>
	<folder>smoke</folder>
	<filename>405.jpg</filename>
	<path>E:\Project\label\smoke\405.jpg</path>
	<source>
		<database>Unknown</database>
	</source>
	<size>
		<width>500</width>
		<height>381</height>
		<depth>3</depth>
	</size>
	<segmented>0</segmented>
	<object>
		<name>smoke</name>
		<pose>Unspecified</pose>
		<truncated>0</truncated>
		<difficult>0</difficult>
		<bndbox>
			<xmin>7</xmin>
			<ymin>11</ymin>
			<xmax>259</xmax>
			<ymax>219</ymax>
		</bndbox>
	</object>
</annotation>
