<annotation>
	<folder>smoke</folder>
	<filename>406.jpg</filename>
	<path>E:\Project\label\smoke\406.jpg</path>
	<source>
		<database>Unknown</database>
	</source>
	<size>
		<width>500</width>
		<height>667</height>
		<depth>3</depth>
	</size>
	<segmented>0</segmented>
	<object>
		<name>smoke</name>
		<pose>Unspecified</pose>
		<truncated>0</truncated>
		<difficult>0</difficult>
		<bndbox>
			<xmin>127</xmin>
			<ymin>17</ymin>
			<xmax>397</xmax>
			<ymax>461</ymax>
		</bndbox>
	</object>
	<object>
		<name>fire</name>
		<pose>Unspecified</pose>
		<truncated>0</truncated>
		<difficult>0</difficult>
		<bndbox>
			<xmin>121</xmin>
			<ymin>483</ymin>
			<xmax>202</xmax>
			<ymax>592</ymax>
		</bndbox>
	</object>
</annotation>
