<annotation>
	<folder>smoke</folder>
	<filename>41.jpg</filename>
	<path>E:\Project\label\smoke\41.jpg</path>
	<source>
		<database>Unknown</database>
	</source>
	<size>
		<width>290</width>
		<height>512</height>
		<depth>3</depth>
	</size>
	<segmented>0</segmented>
	<object>
		<name>smoke</name>
		<pose>Unspecified</pose>
		<truncated>0</truncated>
		<difficult>0</difficult>
		<bndbox>
			<xmin>44</xmin>
			<ymin>42</ymin>
			<xmax>271</xmax>
			<ymax>271</ymax>
		</bndbox>
	</object>
</annotation>
