<annotation>
	<folder>smoke</folder>
	<filename>411.jpg</filename>
	<path>E:\Project\label\smoke\411.jpg</path>
	<source>
		<database>Unknown</database>
	</source>
	<size>
		<width>500</width>
		<height>375</height>
		<depth>3</depth>
	</size>
	<segmented>0</segmented>
	<object>
		<name>smoke</name>
		<pose>Unspecified</pose>
		<truncated>0</truncated>
		<difficult>0</difficult>
		<bndbox>
			<xmin>145</xmin>
			<ymin>134</ymin>
			<xmax>490</xmax>
			<ymax>244</ymax>
		</bndbox>
	</object>
</annotation>
