<annotation>
	<folder>smoke</folder>
	<filename>417.jpg</filename>
	<path>E:\Project\label\smoke\417.jpg</path>
	<source>
		<database>Unknown</database>
	</source>
	<size>
		<width>534</width>
		<height>300</height>
		<depth>3</depth>
	</size>
	<segmented>0</segmented>
	<object>
		<name>smoke</name>
		<pose>Unspecified</pose>
		<truncated>0</truncated>
		<difficult>0</difficult>
		<bndbox>
			<xmin>170</xmin>
			<ymin>8</ymin>
			<xmax>300</xmax>
			<ymax>183</ymax>
		</bndbox>
	</object>
</annotation>
