<annotation>
	<folder>smoke</folder>
	<filename>419.jpg</filename>
	<path>E:\Project\label\smoke\419.jpg</path>
	<source>
		<database>Unknown</database>
	</source>
	<size>
		<width>300</width>
		<height>410</height>
		<depth>3</depth>
	</size>
	<segmented>0</segmented>
	<object>
		<name>fire</name>
		<pose>Unspecified</pose>
		<truncated>0</truncated>
		<difficult>0</difficult>
		<bndbox>
			<xmin>111</xmin>
			<ymin>274</ymin>
			<xmax>285</xmax>
			<ymax>402</ymax>
		</bndbox>
	</object>
	<object>
		<name>smoke</name>
		<pose>Unspecified</pose>
		<truncated>1</truncated>
		<difficult>0</difficult>
		<bndbox>
			<xmin>55</xmin>
			<ymin>7</ymin>
			<xmax>300</xmax>
			<ymax>269</ymax>
		</bndbox>
	</object>
</annotation>
