<annotation>
	<folder>smoke</folder>
	<filename>420.jpg</filename>
	<path>E:\Project\label\smoke\420.jpg</path>
	<source>
		<database>Unknown</database>
	</source>
	<size>
		<width>394</width>
		<height>600</height>
		<depth>3</depth>
	</size>
	<segmented>0</segmented>
	<object>
		<name>smoke</name>
		<pose>Unspecified</pose>
		<truncated>0</truncated>
		<difficult>0</difficult>
		<bndbox>
			<xmin>44</xmin>
			<ymin>50</ymin>
			<xmax>302</xmax>
			<ymax>275</ymax>
		</bndbox>
	</object>
</annotation>
