<annotation>
	<folder>smoke</folder>
	<filename>421.jpg</filename>
	<path>E:\Project\label\smoke\421.jpg</path>
	<source>
		<database>Unknown</database>
	</source>
	<size>
		<width>438</width>
		<height>318</height>
		<depth>3</depth>
	</size>
	<segmented>0</segmented>
	<object>
		<name>smoke</name>
		<pose>Unspecified</pose>
		<truncated>0</truncated>
		<difficult>0</difficult>
		<bndbox>
			<xmin>42</xmin>
			<ymin>32</ymin>
			<xmax>394</xmax>
			<ymax>167</ymax>
		</bndbox>
	</object>
</annotation>
