<annotation>
	<folder>smoke</folder>
	<filename>422.jpg</filename>
	<path>E:\Project\label\smoke\422.jpg</path>
	<source>
		<database>Unknown</database>
	</source>
	<size>
		<width>362</width>
		<height>450</height>
		<depth>3</depth>
	</size>
	<segmented>0</segmented>
	<object>
		<name>fire</name>
		<pose>Unspecified</pose>
		<truncated>0</truncated>
		<difficult>0</difficult>
		<bndbox>
			<xmin>95</xmin>
			<ymin>198</ymin>
			<xmax>273</xmax>
			<ymax>279</ymax>
		</bndbox>
	</object>
	<object>
		<name>smoke</name>
		<pose>Unspecified</pose>
		<truncated>0</truncated>
		<difficult>0</difficult>
		<bndbox>
			<xmin>72</xmin>
			<ymin>13</ymin>
			<xmax>282</xmax>
			<ymax>181</ymax>
		</bndbox>
	</object>
</annotation>
