<annotation>
	<folder>smoke</folder>
	<filename>424.jpg</filename>
	<path>E:\Project\label\smoke\424.jpg</path>
	<source>
		<database>Unknown</database>
	</source>
	<size>
		<width>346</width>
		<height>300</height>
		<depth>3</depth>
	</size>
	<segmented>0</segmented>
	<object>
		<name>smoke</name>
		<pose>Unspecified</pose>
		<truncated>0</truncated>
		<difficult>0</difficult>
		<bndbox>
			<xmin>65</xmin>
			<ymin>73</ymin>
			<xmax>237</xmax>
			<ymax>249</ymax>
		</bndbox>
	</object>
</annotation>
