<annotation>
	<folder>smoke</folder>
	<filename>425.jpg</filename>
	<path>E:\Project\label\smoke\425.jpg</path>
	<source>
		<database>Unknown</database>
	</source>
	<size>
		<width>264</width>
		<height>480</height>
		<depth>3</depth>
	</size>
	<segmented>0</segmented>
	<object>
		<name>smoke</name>
		<pose>Unspecified</pose>
		<truncated>1</truncated>
		<difficult>0</difficult>
		<bndbox>
			<xmin>14</xmin>
			<ymin>1</ymin>
			<xmax>264</xmax>
			<ymax>184</ymax>
		</bndbox>
	</object>
</annotation>
