<annotation>
	<folder>smoke</folder>
	<filename>426.jpg</filename>
	<path>E:\Project\label\smoke\426.jpg</path>
	<source>
		<database>Unknown</database>
	</source>
	<size>
		<width>290</width>
		<height>512</height>
		<depth>3</depth>
	</size>
	<segmented>0</segmented>
	<object>
		<name>smoke</name>
		<pose>Unspecified</pose>
		<truncated>0</truncated>
		<difficult>0</difficult>
		<bndbox>
			<xmin>34</xmin>
			<ymin>48</ymin>
			<xmax>261</xmax>
			<ymax>267</ymax>
		</bndbox>
	</object>
</annotation>
