<annotation>
	<folder>smoke</folder>
	<filename>427.jpg</filename>
	<path>E:\Project\label\smoke\427.jpg</path>
	<source>
		<database>Unknown</database>
	</source>
	<size>
		<width>466</width>
		<height>640</height>
		<depth>3</depth>
	</size>
	<segmented>0</segmented>
	<object>
		<name>smoke</name>
		<pose>Unspecified</pose>
		<truncated>0</truncated>
		<difficult>0</difficult>
		<bndbox>
			<xmin>144</xmin>
			<ymin>19</ymin>
			<xmax>310</xmax>
			<ymax>432</ymax>
		</bndbox>
	</object>
</annotation>
