<annotation>
	<folder>smoke</folder>
	<filename>429.jpg</filename>
	<path>E:\Project\label\smoke\429.jpg</path>
	<source>
		<database>Unknown</database>
	</source>
	<size>
		<width>340</width>
		<height>255</height>
		<depth>3</depth>
	</size>
	<segmented>0</segmented>
	<object>
		<name>fire</name>
		<pose>Unspecified</pose>
		<truncated>0</truncated>
		<difficult>0</difficult>
		<bndbox>
			<xmin>114</xmin>
			<ymin>63</ymin>
			<xmax>225</xmax>
			<ymax>168</ymax>
		</bndbox>
	</object>
</annotation>
