<annotation>
	<folder>smoke</folder>
	<filename>430.jpg</filename>
	<path>E:\Project\label\smoke\430.jpg</path>
	<source>
		<database>Unknown</database>
	</source>
	<size>
		<width>499</width>
		<height>309</height>
		<depth>3</depth>
	</size>
	<segmented>0</segmented>
	<object>
		<name>smoke</name>
		<pose>Unspecified</pose>
		<truncated>0</truncated>
		<difficult>0</difficult>
		<bndbox>
			<xmin>188</xmin>
			<ymin>93</ymin>
			<xmax>450</xmax>
			<ymax>184</ymax>
		</bndbox>
	</object>
</annotation>
