<annotation>
	<folder>smoke</folder>
	<filename>432.jpg</filename>
	<path>E:\Project\label\smoke\432.jpg</path>
	<source>
		<database>Unknown</database>
	</source>
	<size>
		<width>500</width>
		<height>750</height>
		<depth>3</depth>
	</size>
	<segmented>0</segmented>
	<object>
		<name>fire</name>
		<pose>Unspecified</pose>
		<truncated>0</truncated>
		<difficult>0</difficult>
		<bndbox>
			<xmin>96</xmin>
			<ymin>82</ymin>
			<xmax>421</xmax>
			<ymax>689</ymax>
		</bndbox>
	</object>
</annotation>
