<annotation>
	<folder>smoke</folder>
	<filename>433.jpg</filename>
	<path>E:\Project\label\smoke\433.jpg</path>
	<source>
		<database>Unknown</database>
	</source>
	<size>
		<width>168</width>
		<height>295</height>
		<depth>3</depth>
	</size>
	<segmented>0</segmented>
	<object>
		<name>fire</name>
		<pose>Unspecified</pose>
		<truncated>0</truncated>
		<difficult>0</difficult>
		<bndbox>
			<xmin>71</xmin>
			<ymin>117</ymin>
			<xmax>156</xmax>
			<ymax>164</ymax>
		</bndbox>
	</object>
	<object>
		<name>smoke</name>
		<pose>Unspecified</pose>
		<truncated>0</truncated>
		<difficult>0</difficult>
		<bndbox>
			<xmin>12</xmin>
			<ymin>4</ymin>
			<xmax>152</xmax>
			<ymax>100</ymax>
		</bndbox>
	</object>
</annotation>
