<annotation>
	<folder>smoke</folder>
	<filename>434.jpg</filename>
	<path>E:\Project\label\smoke\434.jpg</path>
	<source>
		<database>Unknown</database>
	</source>
	<size>
		<width>329</width>
		<height>221</height>
		<depth>3</depth>
	</size>
	<segmented>0</segmented>
	<object>
		<name>smoke</name>
		<pose>Unspecified</pose>
		<truncated>0</truncated>
		<difficult>0</difficult>
		<bndbox>
			<xmin>107</xmin>
			<ymin>6</ymin>
			<xmax>215</xmax>
			<ymax>143</ymax>
		</bndbox>
	</object>
</annotation>
