<annotation>
	<folder>smoke</folder>
	<filename>435.jpg</filename>
	<path>E:\Project\label\smoke\435.jpg</path>
	<source>
		<database>Unknown</database>
	</source>
	<size>
		<width>500</width>
		<height>724</height>
		<depth>3</depth>
	</size>
	<segmented>0</segmented>
	<object>
		<name>smoke</name>
		<pose>Unspecified</pose>
		<truncated>0</truncated>
		<difficult>0</difficult>
		<bndbox>
			<xmin>115</xmin>
			<ymin>17</ymin>
			<xmax>352</xmax>
			<ymax>365</ymax>
		</bndbox>
	</object>
	<object>
		<name>fire</name>
		<pose>Unspecified</pose>
		<truncated>0</truncated>
		<difficult>0</difficult>
		<bndbox>
			<xmin>186</xmin>
			<ymin>381</ymin>
			<xmax>307</xmax>
			<ymax>464</ymax>
		</bndbox>
	</object>
</annotation>
