<annotation>
	<folder>smoke</folder>
	<filename>44.jpg</filename>
	<path>E:\Project\label\smoke\44.jpg</path>
	<source>
		<database>Unknown</database>
	</source>
	<size>
		<width>500</width>
		<height>334</height>
		<depth>3</depth>
	</size>
	<segmented>0</segmented>
	<object>
		<name>fire</name>
		<pose>Unspecified</pose>
		<truncated>0</truncated>
		<difficult>0</difficult>
		<bndbox>
			<xmin>8</xmin>
			<ymin>15</ymin>
			<xmax>481</xmax>
			<ymax>304</ymax>
		</bndbox>
	</object>
</annotation>
