<annotation>
	<folder>smoke</folder>
	<filename>441.jpg</filename>
	<path>E:\Project\label\smoke\441.jpg</path>
	<source>
		<database>Unknown</database>
	</source>
	<size>
		<width>512</width>
		<height>279</height>
		<depth>3</depth>
	</size>
	<segmented>0</segmented>
	<object>
		<name>smoke</name>
		<pose>Unspecified</pose>
		<truncated>0</truncated>
		<difficult>0</difficult>
		<bndbox>
			<xmin>168</xmin>
			<ymin>5</ymin>
			<xmax>431</xmax>
			<ymax>231</ymax>
		</bndbox>
	</object>
</annotation>
