<annotation>
	<folder>smoke</folder>
	<filename>443.jpg</filename>
	<path>E:\Project\label\smoke\443.jpg</path>
	<source>
		<database>Unknown</database>
	</source>
	<size>
		<width>500</width>
		<height>667</height>
		<depth>3</depth>
	</size>
	<segmented>0</segmented>
	<object>
		<name>smoke</name>
		<pose>Unspecified</pose>
		<truncated>0</truncated>
		<difficult>0</difficult>
		<bndbox>
			<xmin>18</xmin>
			<ymin>17</ymin>
			<xmax>451</xmax>
			<ymax>389</ymax>
		</bndbox>
	</object>
</annotation>
