<annotation>
	<folder>smoke</folder>
	<filename>444.jpg</filename>
	<path>E:\Project\label\smoke\444.jpg</path>
	<source>
		<database>Unknown</database>
	</source>
	<size>
		<width>0</width>
		<height>0</height>
		<depth>3</depth>
	</size>
	<segmented>0</segmented>
	<object>
		<name>fire</name>
		<pose>Unspecified</pose>
		<truncated>0</truncated>
		<difficult>0</difficult>
		<bndbox>
			<xmin>140</xmin>
			<ymin>110</ymin>
			<xmax>217</xmax>
			<ymax>229</ymax>
		</bndbox>
	</object>
	<object>
		<name>smoke</name>
		<pose>Unspecified</pose>
		<truncated>0</truncated>
		<difficult>0</difficult>
		<bndbox>
			<xmin>3</xmin>
			<ymin>6</ymin>
			<xmax>405</xmax>
			<ymax>115</ymax>
		</bndbox>
	</object>
</annotation>
