<annotation>
	<folder>smoke</folder>
	<filename>445.jpg</filename>
	<path>E:\Project\label\smoke\445.jpg</path>
	<source>
		<database>Unknown</database>
	</source>
	<size>
		<width>320</width>
		<height>240</height>
		<depth>3</depth>
	</size>
	<segmented>0</segmented>
	<object>
		<name>smoke</name>
		<pose>Unspecified</pose>
		<truncated>0</truncated>
		<difficult>0</difficult>
		<bndbox>
			<xmin>225</xmin>
			<ymin>13</ymin>
			<xmax>309</xmax>
			<ymax>189</ymax>
		</bndbox>
	</object>
	<object>
		<name>fire</name>
		<pose>Unspecified</pose>
		<truncated>0</truncated>
		<difficult>0</difficult>
		<bndbox>
			<xmin>203</xmin>
			<ymin>136</ymin>
			<xmax>224</xmax>
			<ymax>198</ymax>
		</bndbox>
	</object>
</annotation>
