<annotation>
	<folder>smoke</folder>
	<filename>446.jpg</filename>
	<path>E:\Project\label\smoke\446.jpg</path>
	<source>
		<database>Unknown</database>
	</source>
	<size>
		<width>499</width>
		<height>368</height>
		<depth>3</depth>
	</size>
	<segmented>0</segmented>
	<object>
		<name>smoke</name>
		<pose>Unspecified</pose>
		<truncated>0</truncated>
		<difficult>0</difficult>
		<bndbox>
			<xmin>80</xmin>
			<ymin>69</ymin>
			<xmax>487</xmax>
			<ymax>255</ymax>
		</bndbox>
	</object>
	<object>
		<name>fire</name>
		<pose>Unspecified</pose>
		<truncated>0</truncated>
		<difficult>0</difficult>
		<bndbox>
			<xmin>9</xmin>
			<ymin>261</ymin>
			<xmax>492</xmax>
			<ymax>296</ymax>
		</bndbox>
	</object>
</annotation>
