<annotation>
	<folder>smoke</folder>
	<filename>447.jpg</filename>
	<path>E:\Project\label\smoke\447.jpg</path>
	<source>
		<database>Unknown</database>
	</source>
	<size>
		<width>500</width>
		<height>310</height>
		<depth>3</depth>
	</size>
	<segmented>0</segmented>
	<object>
		<name>fire</name>
		<pose>Unspecified</pose>
		<truncated>1</truncated>
		<difficult>0</difficult>
		<bndbox>
			<xmin>2</xmin>
			<ymin>206</ymin>
			<xmax>500</xmax>
			<ymax>298</ymax>
		</bndbox>
	</object>
	<object>
		<name>smoke</name>
		<pose>Unspecified</pose>
		<truncated>0</truncated>
		<difficult>0</difficult>
		<bndbox>
			<xmin>2</xmin>
			<ymin>13</ymin>
			<xmax>404</xmax>
			<ymax>193</ymax>
		</bndbox>
	</object>
</annotation>
