<annotation>
	<folder>smoke</folder>
	<filename>448.jpg</filename>
	<path>E:\Project\label\smoke\448.jpg</path>
	<source>
		<database>Unknown</database>
	</source>
	<size>
		<width>500</width>
		<height>337</height>
		<depth>3</depth>
	</size>
	<segmented>0</segmented>
	<object>
		<name>smoke</name>
		<pose>Unspecified</pose>
		<truncated>0</truncated>
		<difficult>0</difficult>
		<bndbox>
			<xmin>56</xmin>
			<ymin>17</ymin>
			<xmax>475</xmax>
			<ymax>181</ymax>
		</bndbox>
	</object>
	<object>
		<name>fire</name>
		<pose>Unspecified</pose>
		<truncated>0</truncated>
		<difficult>0</difficult>
		<bndbox>
			<xmin>75</xmin>
			<ymin>194</ymin>
			<xmax>164</xmax>
			<ymax>333</ymax>
		</bndbox>
	</object>
</annotation>
