<annotation>
	<folder>smoke</folder>
	<filename>45.jpg</filename>
	<path>E:\Project\label\smoke\45.jpg</path>
	<source>
		<database>Unknown</database>
	</source>
	<size>
		<width>450</width>
		<height>279</height>
		<depth>3</depth>
	</size>
	<segmented>0</segmented>
	<object>
		<name>smoke</name>
		<pose>Unspecified</pose>
		<truncated>0</truncated>
		<difficult>0</difficult>
		<bndbox>
			<xmin>157</xmin>
			<ymin>3</ymin>
			<xmax>302</xmax>
			<ymax>144</ymax>
		</bndbox>
	</object>
	<object>
		<name>fire</name>
		<pose>Unspecified</pose>
		<truncated>0</truncated>
		<difficult>0</difficult>
		<bndbox>
			<xmin>189</xmin>
			<ymin>146</ymin>
			<xmax>282</xmax>
			<ymax>170</ymax>
		</bndbox>
	</object>
</annotation>
