<?xml version="1.0" ?><annotation>
	<folder>smoke</folder>
	<filename>452.jpg</filename>
	<path>E:\Project\label\smoke\10.jpg</path>
	<source>
		<database>Unknown</database>
	</source>
	<size>
		<width>440</width>
		<height>594</height>
		<depth>3</depth>
	</size>
	<segmented>0</segmented>
	<object>
		<name>smoke</name>
		<pose>Unspecified</pose>
		<truncated>0</truncated>
		<difficult>0</difficult>
		<bndbox>
			<xmin>46</xmin>
			<ymin>137</ymin>
			<xmax>386</xmax>
			<ymax>456</ymax>
		</bndbox>
	</object>
</annotation>