<?xml version="1.0" ?><annotation>
	<folder>smoke</folder>
	<filename>454.jpg</filename>
	<path>E:\Project\label\smoke\101.jpg</path>
	<source>
		<database>Unknown</database>
	</source>
	<size>
		<width>204</width>
		<height>291</height>
		<depth>3</depth>
	</size>
	<segmented>0</segmented>
	<object>
		<name>smoke</name>
		<pose>Unspecified</pose>
		<truncated>0</truncated>
		<difficult>0</difficult>
		<bndbox>
			<xmin>4</xmin>
			<ymin>4</ymin>
			<xmax>136</xmax>
			<ymax>170</ymax>
		</bndbox>
	</object>
</annotation>