<annotation>
	<folder>smoke</folder>
	<filename>46.jpg</filename>
	<path>E:\Project\label\smoke\46.jpg</path>
	<source>
		<database>Unknown</database>
	</source>
	<size>
		<width>500</width>
		<height>750</height>
		<depth>3</depth>
	</size>
	<segmented>0</segmented>
	<object>
		<name>fire</name>
		<pose>Unspecified</pose>
		<truncated>0</truncated>
		<difficult>0</difficult>
		<bndbox>
			<xmin>78</xmin>
			<ymin>74</ymin>
			<xmax>420</xmax>
			<ymax>662</ymax>
		</bndbox>
	</object>
</annotation>
