<?xml version="1.0" ?><annotation>
	<folder>smoke</folder>
	<filename>465.jpg</filename>
	<path>E:\Project\label\smoke\111.jpg</path>
	<source>
		<database>Unknown</database>
	</source>
	<size>
		<width>399</width>
		<height>266</height>
		<depth>3</depth>
	</size>
	<segmented>0</segmented>
	<object>
		<name>fire</name>
		<pose>Unspecified</pose>
		<truncated>0</truncated>
		<difficult>0</difficult>
		<bndbox>
			<xmin>3</xmin>
			<ymin>63</ymin>
			<xmax>261</xmax>
			<ymax>134</ymax>
		</bndbox>
	</object>
	<object>
		<name>smoke</name>
		<pose>Unspecified</pose>
		<truncated>1</truncated>
		<difficult>0</difficult>
		<bndbox>
			<xmin>1</xmin>
			<ymin>146</ymin>
			<xmax>101</xmax>
			<ymax>215</ymax>
		</bndbox>
	</object>
</annotation>