<?xml version="1.0" ?><annotation>
	<folder>smoke</folder>
	<filename>468.jpg</filename>
	<path>E:\Project\label\smoke\114.jpg</path>
	<source>
		<database>Unknown</database>
	</source>
	<size>
		<width>400</width>
		<height>300</height>
		<depth>3</depth>
	</size>
	<segmented>0</segmented>
	<object>
		<name>fire</name>
		<pose>Unspecified</pose>
		<truncated>0</truncated>
		<difficult>0</difficult>
		<bndbox>
			<xmin>164</xmin>
			<ymin>158</ymin>
			<xmax>204</xmax>
			<ymax>246</ymax>
		</bndbox>
	</object>
	<object>
		<name>smoke</name>
		<pose>Unspecified</pose>
		<truncated>0</truncated>
		<difficult>0</difficult>
		<bndbox>
			<xmin>162</xmin>
			<ymin>3</ymin>
			<xmax>337</xmax>
			<ymax>139</ymax>
		</bndbox>
	</object>
</annotation>