<annotation>
	<folder>smoke</folder>
	<filename>47.jpg</filename>
	<path>E:\Project\label\smoke\47.jpg</path>
	<source>
		<database>Unknown</database>
	</source>
	<size>
		<width>500</width>
		<height>332</height>
		<depth>3</depth>
	</size>
	<segmented>0</segmented>
	<object>
		<name>smoke</name>
		<pose>Unspecified</pose>
		<truncated>0</truncated>
		<difficult>0</difficult>
		<bndbox>
			<xmin>176</xmin>
			<ymin>5</ymin>
			<xmax>373</xmax>
			<ymax>180</ymax>
		</bndbox>
	</object>
	<object>
		<name>fire</name>
		<pose>Unspecified</pose>
		<truncated>0</truncated>
		<difficult>0</difficult>
		<bndbox>
			<xmin>231</xmin>
			<ymin>191</ymin>
			<xmax>333</xmax>
			<ymax>271</ymax>
		</bndbox>
	</object>
</annotation>
