<?xml version="1.0" ?><annotation>
	<folder>smoke</folder>
	<filename>470.jpg</filename>
	<path>E:\Project\label\smoke\116.jpg</path>
	<source>
		<database>Unknown</database>
	</source>
	<size>
		<width>500</width>
		<height>332</height>
		<depth>3</depth>
	</size>
	<segmented>0</segmented>
	<object>
		<name>fire</name>
		<pose>Unspecified</pose>
		<truncated>0</truncated>
		<difficult>0</difficult>
		<bndbox>
			<xmin>25</xmin>
			<ymin>11</ymin>
			<xmax>368</xmax>
			<ymax>210</ymax>
		</bndbox>
	</object>
</annotation>