<?xml version="1.0" ?><annotation>
	<folder>smoke</folder>
	<filename>471.jpg</filename>
	<path>E:\Project\label\smoke\117.jpg</path>
	<source>
		<database>Unknown</database>
	</source>
	<size>
		<width>500</width>
		<height>331</height>
		<depth>3</depth>
	</size>
	<segmented>0</segmented>
	<object>
		<name>fire</name>
		<pose>Unspecified</pose>
		<truncated>0</truncated>
		<difficult>0</difficult>
		<bndbox>
			<xmin>77</xmin>
			<ymin>93</ymin>
			<xmax>355</xmax>
			<ymax>210</ymax>
		</bndbox>
	</object>
	<object>
		<name>smoke</name>
		<pose>Unspecified</pose>
		<truncated>0</truncated>
		<difficult>0</difficult>
		<bndbox>
			<xmin>192</xmin>
			<ymin>7</ymin>
			<xmax>394</xmax>
			<ymax>87</ymax>
		</bndbox>
	</object>
</annotation>