<?xml version="1.0" ?><annotation>
	<folder>smoke</folder>
	<filename>479.jpg</filename>
	<path>E:\Project\label\smoke\124.jpg</path>
	<source>
		<database>Unknown</database>
	</source>
	<size>
		<width>500</width>
		<height>724</height>
		<depth>3</depth>
	</size>
	<segmented>0</segmented>
	<object>
		<name>fire</name>
		<pose>Unspecified</pose>
		<truncated>0</truncated>
		<difficult>0</difficult>
		<bndbox>
			<xmin>198</xmin>
			<ymin>396</ymin>
			<xmax>288</xmax>
			<ymax>461</ymax>
		</bndbox>
	</object>
	<object>
		<name>smoke</name>
		<pose>Unspecified</pose>
		<truncated>0</truncated>
		<difficult>0</difficult>
		<bndbox>
			<xmin>159</xmin>
			<ymin>17</ymin>
			<xmax>322</xmax>
			<ymax>388</ymax>
		</bndbox>
	</object>
</annotation>