<annotation>
	<folder>smoke</folder>
	<filename>48.jpg</filename>
	<path>E:\Project\label\smoke\48.jpg</path>
	<source>
		<database>Unknown</database>
	</source>
	<size>
		<width>381</width>
		<height>540</height>
		<depth>3</depth>
	</size>
	<segmented>0</segmented>
	<object>
		<name>smoke</name>
		<pose>Unspecified</pose>
		<truncated>0</truncated>
		<difficult>0</difficult>
		<bndbox>
			<xmin>11</xmin>
			<ymin>8</ymin>
			<xmax>217</xmax>
			<ymax>252</ymax>
		</bndbox>
	</object>
	<object>
		<name>fire</name>
		<pose>Unspecified</pose>
		<truncated>0</truncated>
		<difficult>0</difficult>
		<bndbox>
			<xmin>221</xmin>
			<ymin>179</ymin>
			<xmax>347</xmax>
			<ymax>266</ymax>
		</bndbox>
	</object>
</annotation>
