<?xml version="1.0" ?><annotation>
	<folder>smoke</folder>
	<filename>480.jpg</filename>
	<path>E:\Project\label\smoke\125.jpg</path>
	<source>
		<database>Unknown</database>
	</source>
	<size>
		<width>450</width>
		<height>300</height>
		<depth>3</depth>
	</size>
	<segmented>0</segmented>
	<object>
		<name>smoke</name>
		<pose>Unspecified</pose>
		<truncated>0</truncated>
		<difficult>0</difficult>
		<bndbox>
			<xmin>22</xmin>
			<ymin>7</ymin>
			<xmax>325</xmax>
			<ymax>206</ymax>
		</bndbox>
	</object>
</annotation>