<?xml version="1.0" ?><annotation>
	<folder>smoke</folder>
	<filename>481.jpg</filename>
	<path>E:\Project\label\smoke\126.jpg</path>
	<source>
		<database>Unknown</database>
	</source>
	<size>
		<width>500</width>
		<height>665</height>
		<depth>3</depth>
	</size>
	<segmented>0</segmented>
	<object>
		<name>fire</name>
		<pose>Unspecified</pose>
		<truncated>0</truncated>
		<difficult>0</difficult>
		<bndbox>
			<xmin>345</xmin>
			<ymin>403</ymin>
			<xmax>454</xmax>
			<ymax>611</ymax>
		</bndbox>
	</object>
	<object>
		<name>smoke</name>
		<pose>Unspecified</pose>
		<truncated>0</truncated>
		<difficult>0</difficult>
		<bndbox>
			<xmin>154</xmin>
			<ymin>6</ymin>
			<xmax>496</xmax>
			<ymax>384</ymax>
		</bndbox>
	</object>
</annotation>