<?xml version="1.0" ?><annotation>
	<folder>smoke</folder>
	<filename>484.jpg</filename>
	<path>E:\Project\label\smoke\129.jpg</path>
	<source>
		<database>Unknown</database>
	</source>
	<size>
		<width>300</width>
		<height>300</height>
		<depth>3</depth>
	</size>
	<segmented>0</segmented>
	<object>
		<name>fire</name>
		<pose>Unspecified</pose>
		<truncated>0</truncated>
		<difficult>0</difficult>
		<bndbox>
			<xmin>32</xmin>
			<ymin>59</ymin>
			<xmax>262</xmax>
			<ymax>279</ymax>
		</bndbox>
	</object>
</annotation>