<annotation>
	<folder>smoke</folder>
	<filename>49.jpg</filename>
	<path>E:\Project\label\smoke\49.jpg</path>
	<source>
		<database>Unknown</database>
	</source>
	<size>
		<width>400</width>
		<height>298</height>
		<depth>3</depth>
	</size>
	<segmented>0</segmented>
	<object>
		<name>smoke</name>
		<pose>Unspecified</pose>
		<truncated>0</truncated>
		<difficult>0</difficult>
		<bndbox>
			<xmin>142</xmin>
			<ymin>8</ymin>
			<xmax>353</xmax>
			<ymax>186</ymax>
		</bndbox>
	</object>
</annotation>
