<?xml version="1.0" ?><annotation>
	<folder>smoke</folder>
	<filename>490.jpg</filename>
	<path>E:\Project\label\smoke\134.jpg</path>
	<source>
		<database>Unknown</database>
	</source>
	<size>
		<width>450</width>
		<height>320</height>
		<depth>3</depth>
	</size>
	<segmented>0</segmented>
	<object>
		<name>fire</name>
		<pose>Unspecified</pose>
		<truncated>0</truncated>
		<difficult>0</difficult>
		<bndbox>
			<xmin>20</xmin>
			<ymin>11</ymin>
			<xmax>137</xmax>
			<ymax>136</ymax>
		</bndbox>
	</object>
	<object>
		<name>fire1</name>
		<pose>Unspecified</pose>
		<truncated>0</truncated>
		<difficult>0</difficult>
		<bndbox>
			<xmin>294</xmin>
			<ymin>85</ymin>
			<xmax>429</xmax>
			<ymax>204</ymax>
		</bndbox>
	</object>
	<object>
		<name>smoke</name>
		<pose>Unspecified</pose>
		<truncated>0</truncated>
		<difficult>0</difficult>
		<bndbox>
			<xmin>182</xmin>
			<ymin>7</ymin>
			<xmax>431</xmax>
			<ymax>63</ymax>
		</bndbox>
	</object>
</annotation>