<?xml version="1.0" ?><annotation>
	<folder>smoke</folder>
	<filename>493.jpg</filename>
	<path>E:\Project\label\smoke\137.jpg</path>
	<source>
		<database>Unknown</database>
	</source>
	<size>
		<width>300</width>
		<height>206</height>
		<depth>3</depth>
	</size>
	<segmented>0</segmented>
	<object>
		<name>smoke</name>
		<pose>Unspecified</pose>
		<truncated>1</truncated>
		<difficult>0</difficult>
		<bndbox>
			<xmin>202</xmin>
			<ymin>1</ymin>
			<xmax>295</xmax>
			<ymax>114</ymax>
		</bndbox>
	</object>
</annotation>