<?xml version="1.0" ?><annotation>
	<folder>smoke</folder>
	<filename>494.jpg</filename>
	<path>E:\Project\label\smoke\138.jpg</path>
	<source>
		<database>Unknown</database>
	</source>
	<size>
		<width>500</width>
		<height>666</height>
		<depth>3</depth>
	</size>
	<segmented>0</segmented>
	<object>
		<name>smoke</name>
		<pose>Unspecified</pose>
		<truncated>0</truncated>
		<difficult>0</difficult>
		<bndbox>
			<xmin>199</xmin>
			<ymin>87</ymin>
			<xmax>352</xmax>
			<ymax>420</ymax>
		</bndbox>
	</object>
</annotation>