<?xml version="1.0" ?><annotation>
	<folder>smoke</folder>
	<filename>495.jpg</filename>
	<path>E:\Project\label\smoke\139.jpg</path>
	<source>
		<database>Unknown</database>
	</source>
	<size>
		<width>355</width>
		<height>285</height>
		<depth>3</depth>
	</size>
	<segmented>0</segmented>
	<object>
		<name>smoke</name>
		<pose>Unspecified</pose>
		<truncated>0</truncated>
		<difficult>0</difficult>
		<bndbox>
			<xmin>139</xmin>
			<ymin>38</ymin>
			<xmax>274</xmax>
			<ymax>203</ymax>
		</bndbox>
	</object>
</annotation>