<?xml version="1.0" ?><annotation>
	<folder>smoke</folder>
	<filename>497.jpg</filename>
	<path>E:\Project\label\smoke\140.jpg</path>
	<source>
		<database>Unknown</database>
	</source>
	<size>
		<width>431</width>
		<height>353</height>
		<depth>3</depth>
	</size>
	<segmented>0</segmented>
	<object>
		<name>smoke</name>
		<pose>Unspecified</pose>
		<truncated>0</truncated>
		<difficult>0</difficult>
		<bndbox>
			<xmin>80</xmin>
			<ymin>32</ymin>
			<xmax>354</xmax>
			<ymax>219</ymax>
		</bndbox>
	</object>
</annotation>