<?xml version="1.0" ?><annotation>
	<folder>smoke</folder>
	<filename>500.jpg</filename>
	<path>E:\Project\label\smoke\143.jpg</path>
	<source>
		<database>Unknown</database>
	</source>
	<size>
		<width>500</width>
		<height>333</height>
		<depth>3</depth>
	</size>
	<segmented>0</segmented>
	<object>
		<name>fire</name>
		<pose>Unspecified</pose>
		<truncated>0</truncated>
		<difficult>0</difficult>
		<bndbox>
			<xmin>277</xmin>
			<ymin>221</ymin>
			<xmax>345</xmax>
			<ymax>293</ymax>
		</bndbox>
	</object>
	<object>
		<name>smoke</name>
		<pose>Unspecified</pose>
		<truncated>0</truncated>
		<difficult>0</difficult>
		<bndbox>
			<xmin>19</xmin>
			<ymin>8</ymin>
			<xmax>240</xmax>
			<ymax>213</ymax>
		</bndbox>
	</object>
</annotation>