<?xml version="1.0" ?><annotation>
	<folder>smoke</folder>
	<filename>501.jpg</filename>
	<path>E:\Project\label\smoke\144.jpg</path>
	<source>
		<database>Unknown</database>
	</source>
	<size>
		<width>499</width>
		<height>318</height>
		<depth>3</depth>
	</size>
	<segmented>0</segmented>
	<object>
		<name>smoke</name>
		<pose>Unspecified</pose>
		<truncated>0</truncated>
		<difficult>0</difficult>
		<bndbox>
			<xmin>142</xmin>
			<ymin>19</ymin>
			<xmax>485</xmax>
			<ymax>262</ymax>
		</bndbox>
	</object>
</annotation>