<?xml version="1.0" ?><annotation>
	<folder>smoke</folder>
	<filename>506.jpg</filename>
	<path>E:\Project\label\smoke\149.jpg</path>
	<source>
		<database>Unknown</database>
	</source>
	<size>
		<width>517</width>
		<height>300</height>
		<depth>3</depth>
	</size>
	<segmented>0</segmented>
	<object>
		<name>smoke</name>
		<pose>Unspecified</pose>
		<truncated>0</truncated>
		<difficult>0</difficult>
		<bndbox>
			<xmin>57</xmin>
			<ymin>3</ymin>
			<xmax>452</xmax>
			<ymax>225</ymax>
		</bndbox>
	</object>
</annotation>