<?xml version="1.0" ?><annotation>
	<folder>smoke</folder>
	<filename>507.jpg</filename>
	<path>E:\Project\label\smoke\15.jpg</path>
	<source>
		<database>Unknown</database>
	</source>
	<size>
		<width>500</width>
		<height>301</height>
		<depth>3</depth>
	</size>
	<segmented>0</segmented>
	<object>
		<name>smoke</name>
		<pose>Unspecified</pose>
		<truncated>0</truncated>
		<difficult>0</difficult>
		<bndbox>
			<xmin>52</xmin>
			<ymin>24</ymin>
			<xmax>485</xmax>
			<ymax>227</ymax>
		</bndbox>
	</object>
</annotation>