<?xml version="1.0" ?><annotation>
	<folder>smoke</folder>
	<filename>508.jpg</filename>
	<path>E:\Project\label\smoke\150.jpg</path>
	<source>
		<database>Unknown</database>
	</source>
	<size>
		<width>410</width>
		<height>273</height>
		<depth>3</depth>
	</size>
	<segmented>0</segmented>
	<object>
		<name>smoke</name>
		<pose>Unspecified</pose>
		<truncated>0</truncated>
		<difficult>0</difficult>
		<bndbox>
			<xmin>242</xmin>
			<ymin>55</ymin>
			<xmax>393</xmax>
			<ymax>193</ymax>
		</bndbox>
	</object>
</annotation>