<?xml version="1.0" ?><annotation>
	<folder>smoke</folder>
	<filename>514.jpg</filename>
	<path>E:\Project\label\smoke\156.jpg</path>
	<source>
		<database>Unknown</database>
	</source>
	<size>
		<width>505</width>
		<height>300</height>
		<depth>3</depth>
	</size>
	<segmented>0</segmented>
	<object>
		<name>fire</name>
		<pose>Unspecified</pose>
		<truncated>0</truncated>
		<difficult>0</difficult>
		<bndbox>
			<xmin>78</xmin>
			<ymin>54</ymin>
			<xmax>277</xmax>
			<ymax>265</ymax>
		</bndbox>
	</object>
	<object>
		<name>smoke</name>
		<pose>Unspecified</pose>
		<truncated>0</truncated>
		<difficult>0</difficult>
		<bndbox>
			<xmin>285</xmin>
			<ymin>9</ymin>
			<xmax>409</xmax>
			<ymax>197</ymax>
		</bndbox>
	</object>
</annotation>