<?xml version="1.0" ?><annotation>
	<folder>smoke</folder>
	<filename>516.jpg</filename>
	<path>E:\Project\label\smoke\158.jpg</path>
	<source>
		<database>Unknown</database>
	</source>
	<size>
		<width>450</width>
		<height>298</height>
		<depth>3</depth>
	</size>
	<segmented>0</segmented>
	<object>
		<name>fire</name>
		<pose>Unspecified</pose>
		<truncated>0</truncated>
		<difficult>0</difficult>
		<bndbox>
			<xmin>259</xmin>
			<ymin>120</ymin>
			<xmax>347</xmax>
			<ymax>184</ymax>
		</bndbox>
	</object>
	<object>
		<name>smoke</name>
		<pose>Unspecified</pose>
		<truncated>0</truncated>
		<difficult>0</difficult>
		<bndbox>
			<xmin>149</xmin>
			<ymin>12</ymin>
			<xmax>369</xmax>
			<ymax>95</ymax>
		</bndbox>
	</object>
</annotation>