<?xml version="1.0" ?><annotation>
	<folder>smoke</folder>
	<filename>518.jpg</filename>
	<path>E:\Project\label\smoke\16.jpg</path>
	<source>
		<database>Unknown</database>
	</source>
	<size>
		<width>500</width>
		<height>322</height>
		<depth>3</depth>
	</size>
	<segmented>0</segmented>
	<object>
		<name>fire</name>
		<pose>Unspecified</pose>
		<truncated>0</truncated>
		<difficult>0</difficult>
		<bndbox>
			<xmin>34</xmin>
			<ymin>126</ymin>
			<xmax>225</xmax>
			<ymax>226</ymax>
		</bndbox>
	</object>
	<object>
		<name>smoke</name>
		<pose>Unspecified</pose>
		<truncated>0</truncated>
		<difficult>0</difficult>
		<bndbox>
			<xmin>49</xmin>
			<ymin>2</ymin>
			<xmax>380</xmax>
			<ymax>113</ymax>
		</bndbox>
	</object>
</annotation>