<?xml version="1.0" ?><annotation>
	<folder>smoke</folder>
	<filename>519.jpg</filename>
	<path>E:\Project\label\smoke\160.jpg</path>
	<source>
		<database>Unknown</database>
	</source>
	<size>
		<width>500</width>
		<height>370</height>
		<depth>3</depth>
	</size>
	<segmented>0</segmented>
	<object>
		<name>smoke</name>
		<pose>Unspecified</pose>
		<truncated>0</truncated>
		<difficult>0</difficult>
		<bndbox>
			<xmin>29</xmin>
			<ymin>4</ymin>
			<xmax>362</xmax>
			<ymax>133</ymax>
		</bndbox>
	</object>
	<object>
		<name>fire</name>
		<pose>Unspecified</pose>
		<truncated>0</truncated>
		<difficult>0</difficult>
		<bndbox>
			<xmin>263</xmin>
			<ymin>149</ymin>
			<xmax>323</xmax>
			<ymax>256</ymax>
		</bndbox>
	</object>
</annotation>