<annotation>
	<folder>smoke</folder>
	<filename>52.jpg</filename>
	<path>E:\Project\label\smoke\52.jpg</path>
	<source>
		<database>Unknown</database>
	</source>
	<size>
		<width>480</width>
		<height>320</height>
		<depth>3</depth>
	</size>
	<segmented>0</segmented>
	<object>
		<name>fire</name>
		<pose>Unspecified</pose>
		<truncated>0</truncated>
		<difficult>0</difficult>
		<bndbox>
			<xmin>152</xmin>
			<ymin>168</ymin>
			<xmax>239</xmax>
			<ymax>216</ymax>
		</bndbox>
	</object>
	<object>
		<name>smoke</name>
		<pose>Unspecified</pose>
		<truncated>0</truncated>
		<difficult>0</difficult>
		<bndbox>
			<xmin>145</xmin>
			<ymin>5</ymin>
			<xmax>478</xmax>
			<ymax>152</ymax>
		</bndbox>
	</object>
</annotation>
