<?xml version="1.0" ?><annotation>
	<folder>smoke</folder>
	<filename>520.jpg</filename>
	<path>E:\Project\label\smoke\161.jpg</path>
	<source>
		<database>Unknown</database>
	</source>
	<size>
		<width>500</width>
		<height>333</height>
		<depth>3</depth>
	</size>
	<segmented>0</segmented>
	<object>
		<name>fire</name>
		<pose>Unspecified</pose>
		<truncated>0</truncated>
		<difficult>0</difficult>
		<bndbox>
			<xmin>113</xmin>
			<ymin>10</ymin>
			<xmax>327</xmax>
			<ymax>186</ymax>
		</bndbox>
	</object>
	<object>
		<name>smoke</name>
		<pose>Unspecified</pose>
		<truncated>0</truncated>
		<difficult>0</difficult>
		<bndbox>
			<xmin>367</xmin>
			<ymin>13</ymin>
			<xmax>483</xmax>
			<ymax>148</ymax>
		</bndbox>
	</object>
</annotation>