<?xml version="1.0" ?><annotation>
	<folder>smoke</folder>
	<filename>525.jpg</filename>
	<path>E:\Project\label\smoke\166.jpg</path>
	<source>
		<database>Unknown</database>
	</source>
	<size>
		<width>0</width>
		<height>0</height>
		<depth>3</depth>
	</size>
	<segmented>0</segmented>
	<object>
		<name>smoke</name>
		<pose>Unspecified</pose>
		<truncated>0</truncated>
		<difficult>0</difficult>
		<bndbox>
			<xmin>250</xmin>
			<ymin>14</ymin>
			<xmax>430</xmax>
			<ymax>188</ymax>
		</bndbox>
	</object>
</annotation>