<annotation>
	<folder>smoke</folder>
	<filename>54.jpg</filename>
	<path>E:\Project\label\smoke\54.jpg</path>
	<source>
		<database>Unknown</database>
	</source>
	<size>
		<width>500</width>
		<height>750</height>
		<depth>3</depth>
	</size>
	<segmented>0</segmented>
	<object>
		<name>fire</name>
		<pose>Unspecified</pose>
		<truncated>0</truncated>
		<difficult>0</difficult>
		<bndbox>
			<xmin>41</xmin>
			<ymin>389</ymin>
			<xmax>436</xmax>
			<ymax>567</ymax>
		</bndbox>
	</object>
	<object>
		<name>smoke</name>
		<pose>Unspecified</pose>
		<truncated>0</truncated>
		<difficult>0</difficult>
		<bndbox>
			<xmin>20</xmin>
			<ymin>14</ymin>
			<xmax>481</xmax>
			<ymax>300</ymax>
		</bndbox>
	</object>
</annotation>
