<?xml version="1.0" ?><annotation>
	<folder>smoke</folder>
	<filename>543.jpg</filename>
	<path>E:\Project\label\smoke\182.jpg</path>
	<source>
		<database>Unknown</database>
	</source>
	<size>
		<width>500</width>
		<height>357</height>
		<depth>3</depth>
	</size>
	<segmented>0</segmented>
	<object>
		<name>smoke</name>
		<pose>Unspecified</pose>
		<truncated>1</truncated>
		<difficult>0</difficult>
		<bndbox>
			<xmin>233</xmin>
			<ymin>50</ymin>
			<xmax>500</xmax>
			<ymax>134</ymax>
		</bndbox>
	</object>
</annotation>