<?xml version="1.0" ?><annotation>
	<folder>smoke</folder>
	<filename>546.jpg</filename>
	<path>E:\Project\label\smoke\185.jpg</path>
	<source>
		<database>Unknown</database>
	</source>
	<size>
		<width>500</width>
		<height>330</height>
		<depth>3</depth>
	</size>
	<segmented>0</segmented>
	<object>
		<name>smoke</name>
		<pose>Unspecified</pose>
		<truncated>0</truncated>
		<difficult>0</difficult>
		<bndbox>
			<xmin>30</xmin>
			<ymin>17</ymin>
			<xmax>335</xmax>
			<ymax>234</ymax>
		</bndbox>
	</object>
</annotation>