<?xml version="1.0" ?><annotation>
	<folder>smoke</folder>
	<filename>548.jpg</filename>
	<path>E:\Project\label\smoke\187.jpg</path>
	<source>
		<database>Unknown</database>
	</source>
	<size>
		<width>500</width>
		<height>341</height>
		<depth>3</depth>
	</size>
	<segmented>0</segmented>
	<object>
		<name>fire</name>
		<pose>Unspecified</pose>
		<truncated>0</truncated>
		<difficult>0</difficult>
		<bndbox>
			<xmin>126</xmin>
			<ymin>101</ymin>
			<xmax>214</xmax>
			<ymax>165</ymax>
		</bndbox>
	</object>
	<object>
		<name>smoke</name>
		<pose>Unspecified</pose>
		<truncated>0</truncated>
		<difficult>0</difficult>
		<bndbox>
			<xmin>6</xmin>
			<ymin>16</ymin>
			<xmax>106</xmax>
			<ymax>292</ymax>
		</bndbox>
	</object>
</annotation>